Rk,Player,Tm,FantPos,Age,G,GS,Cmp,Att,Yds,TD,Int,Att,Yds,Y/A,TD,Tgt,Rec,Yds,Y/R,TD,Fmb,FL,TD,2PM,2PP,FantPt,PPR,DKPt,FDPt,VBD,PosRank,OvRank,-9999
1,Derrick Henry *+,TEN,RB,26,16,16,0,0,0,0,0,378,2027,5.36,17,31,19,114,6,0,3,2,17,1,,314,333.1,341.1,323.6,184,1,1,HenrDe00
2,Alvin Kamara*,NOR,RB,25,15,10,0,0,0,0,0,187,932,4.98,16,107,83,756,9.11,5,1,0,21,,,295,377.8,383.8,336.3,165,2,2,KamaAl00
3,Dalvin Cook*,MIN,RB,25,14,14,0,0,0,0,0,312,1557,4.99,16,54,44,361,8.2,1,5,3,17,3,,294,337.8,346.8,315.8,164,3,3,CookDa01
4,Davante Adams*+,GNB,WR,28,14,14,0,0,0,0,0,0,0,,0,149,115,1374,11.95,18,1,1,18,,,243,358.4,362.4,300.9,117,1,4,AdamDa01
5,Travis Kelce*+,KAN,TE,31,15,15,1,2,4,0,0,0,0,,0,145,105,1416,13.49,11,1,1,11,1,,208,312.8,316.8,260.3,117,1,5,KelcTr00
6,Tyreek Hill*+,KAN,WR,26,15,15,0,0,0,0,0,13,123,9.46,2,135,87,1276,14.67,15,1,0,17,,,242,328.9,334.9,285.4,116,2,6,HillTy00
7,Josh Allen*,BUF,QB,24,16,16,396,572,4544,37,10,102,421,4.13,8,1,1,12,12,1,9,6,9,,,395,396.1,418.1,405.6,113,1,7,AlleJo02
8,Aaron Rodgers*+,GNB,QB,37,16,16,372,526,4299,48,5,38,149,3.92,3,1,1,-6,-6,0,4,2,3,,,382,383.3,396.3,387.8,100,2,8,RodgAa00
9,Kyler Murray*,ARI,QB,23,16,16,375,558,3971,26,12,133,819,6.16,11,0,0,0,,0,9,4,11,,,379,378.7,400.7,390.7,96,3,9,MurrKy00
10,Patrick Mahomes*,KAN,QB,25,15,15,390,588,4740,38,6,62,308,4.97,2,2,0,0,,0,5,2,2,,3,374,374.4,388.4,380.4,92,4,10,MahoPa00
11,Deshaun Watson*,HOU,QB,25,16,16,382,544,4823,33,7,90,444,4.93,3,0,0,0,,0,8,3,3,,1,369,369.3,385.3,376.3,87,5,11,WatsDe00
12,Jonathan Taylor,IND,RB,21,15,13,0,0,0,0,0,232,1169,5.04,11,39,36,299,8.31,1,1,1,12,,,217,252.8,259.8,234.8,87,4,12,TaylJo02
13,Aaron Jones*,GNB,RB,26,14,14,0,0,0,0,0,201,1104,5.49,9,63,47,355,7.55,2,2,0,11,,,212,258.9,264.9,235.4,82,5,13,JoneAa00
14,Darren Waller*,LVR,TE,28,16,15,0,0,0,0,0,0,0,,0,145,107,1196,11.18,9,2,2,9,1,,172,278.6,283.6,225.1,81,2,14,WallDa01
15,David Montgomery,CHI,RB,23,15,14,0,0,0,0,0,247,1070,4.33,8,68,54,438,8.11,2,1,1,10,1,,211,264.8,271.8,237.8,81,6,15,MontDa01
16,Russell Wilson*,SEA,QB,32,16,16,384,558,4212,40,13,83,513,6.18,2,0,0,0,,0,7,4,2,,1,360,359.8,382.8,372.8,77,6,16,WilsRu00
17,Stefon Diggs*+,BUF,WR,27,16,15,0,0,0,0,0,1,1,1,0,166,127,1535,12.09,8,0,0,8,,,202,328.6,331.6,265.1,76,3,17,DiggSt00
18,James Robinson,JAX,RB,22,14,14,0,0,0,0,0,240,1070,4.46,7,60,49,344,7.02,3,3,1,10,1,,201,250.4,257.4,225.9,71,7,18,RobiJa00
19,Josh Jacobs*,LVR,RB,22,15,15,0,0,0,0,0,273,1065,3.9,12,45,33,238,7.21,0,2,2,12,,,198,231.3,239.3,214.8,68,8,19,JacoJo01
20,Calvin Ridley,ATL,WR,26,15,15,0,0,0,0,0,5,1,0.2,0,143,90,1374,15.27,9,1,1,9,1,,192,281.5,285.5,236.5,66,4,20,RidlCa00
21,D.K. Metcalf*,SEA,WR,23,16,16,0,0,0,0,0,0,0,,0,129,83,1303,15.7,10,1,1,10,,,188,271.3,275.3,229.8,62,5,21,MetcDK00
22,Nick Chubb*,CLE,RB,25,12,12,0,0,0,0,0,190,1067,5.62,12,18,16,150,9.38,0,1,1,12,,,192,207.7,214.7,199.7,62,9,22,ChubNi00
23,Ryan Tannehill,TEN,QB,32,16,16,315,481,3819,33,7,43,266,6.19,7,1,1,0,0,0,6,1,7,2,1,343,344.4,358.4,350.9,61,7,23,TannRy00
24,Justin Jefferson*,MIN,WR,21,16,14,0,0,0,0,0,1,2,2,0,125,88,1400,15.91,7,1,0,7,2,,186,274.2,277.2,230.2,60,6,24,JeffJu00
25,Tom Brady,TAM,QB,43,16,16,401,610,4633,40,12,30,6,0.2,3,0,0,0,,0,4,1,3,,,338,337.9,353.9,349.9,55,8,25,BradTo00
26,Adam Thielen,MIN,WR,30,15,15,0,0,0,0,0,3,15,5,0,108,74,925,12.5,14,0,0,14,1,,180,254,257,217,54,7,26,ThieAd00
27,Mike Evans,TAM,WR,27,16,16,0,0,0,0,0,0,0,,0,109,70,1006,14.37,13,0,0,13,,,179,248.6,251.6,213.6,53,8,27,EvanMi00
28,A.J. Brown*,TEN,WR,23,14,12,0,0,0,0,0,0,0,,0,106,70,1075,15.36,11,2,1,12,,,178,247.5,251.5,212.5,52,9,28,BrowAJ00
29,Justin Herbert,LAC,QB,22,15,15,396,595,4336,31,10,55,234,4.25,5,0,0,0,,0,8,1,5,,2,333,332.8,349.8,342.8,50,9,29,HerbJu00
30,Lamar Jackson,BAL,QB,23,15,15,242,376,2757,26,9,159,1005,6.32,7,0,0,0,,0,10,4,7,,1,333,332.8,351.8,341.8,50,10,30,JackLa00
31,Kareem Hunt,CLE,RB,25,16,5,0,0,0,0,0,198,841,4.25,6,51,38,304,8,5,2,0,11,,,181,218.5,224.5,199.5,50,10,31,HuntKa00
32,DeAndre Hopkins*,ARI,WR,28,16,16,0,0,0,0,0,1,1,1,0,160,115,1407,12.23,6,3,2,6,,,173,287.8,292.8,230.3,47,10,32,HopkDe00
33,Ezekiel Elliott,DAL,RB,25,15,15,0,0,0,0,0,244,979,4.01,6,71,52,338,6.5,2,6,5,8,1,,172,223.7,234.7,197.7,42,11,33,ElliEz00
34,Tyler Lockett,SEA,WR,28,16,16,0,0,0,0,0,0,0,,0,132,100,1054,10.54,10,1,0,10,,,165,265.4,268.4,215.4,39,11,34,LockTy00
35,Kenyan Drake,ARI,RB,26,15,13,0,0,0,0,0,239,955,4,10,31,25,137,5.48,0,3,1,10,,,167,192.2,199.2,179.7,37,12,35,DrakKe00
36,Melvin Gordon,DEN,RB,27,15,10,0,0,0,0,0,215,986,4.59,9,44,32,158,4.94,1,4,4,10,,,166,198.4,208.4,182.4,36,13,36,GordMe00
37,Antonio Gibson,WAS,RB,22,14,10,0,0,0,0,0,170,795,4.68,11,44,36,247,6.86,0,1,2,11,,,166,202.2,210.2,184.2,36,14,37,GibsAn00
38,Allen Robinson,CHI,WR,27,16,16,0,0,0,0,0,1,-1,-1,0,151,102,1250,12.25,6,0,0,6,,,161,262.9,265.9,211.9,35,12,38,RobiAl02
39,Robert Tonyan,GNB,TE,26,16,8,0,0,0,0,0,0,0,,0,59,52,586,11.27,11,0,0,11,,,125,176.6,179.6,150.6,34,3,39,TonyRo00
40,Robert Woods,LAR,WR,28,16,16,0,0,0,0,0,24,155,6.46,2,129,90,936,10.4,6,2,1,8,,,155,245.1,252.1,200.1,29,13,40,WoodRo02
41,Ronald Jones II,TAM,RB,23,14,13,0,0,0,0,0,192,978,5.09,7,42,28,165,5.89,1,2,2,8,,,158,186.3,194.3,172.3,28,15,41,JoneRo01
42,Chase Claypool,PIT,WR,22,16,6,0,0,0,0,0,10,16,1.6,2,109,62,873,14.08,9,3,1,11,,,153,214.9,218.9,183.9,27,14,42,ClayCh01
43,Marvin Jones,DET,WR,30,16,16,0,0,0,0,0,0,0,,0,115,76,978,12.87,9,0,0,9,,,152,227.8,230.8,189.8,26,15,43,JoneMa02
44,Brandin Cooks,HOU,WR,27,15,15,0,0,0,0,0,0,0,,0,119,81,1150,14.2,6,0,0,6,,,151,232,235,191.5,25,16,44,CookBr00
45,Kirk Cousins,MIN,QB,32,16,16,349,516,4265,35,13,32,156,4.88,1,0,0,0,,0,9,5,1,,5,306,306.2,330.2,319.2,24,11,45,CousKi00
46,Mark Andrews,BAL,TE,25,14,2,0,0,0,0,0,0,0,,0,88,58,701,12.09,7,2,0,7,,,112,170.1,173.1,141.1,22,4,46,AndrMa00
47,Chris Carson,SEA,RB,26,12,12,0,0,0,0,0,141,681,4.83,5,46,37,287,7.76,4,1,0,9,,,151,187.8,193.8,169.3,21,16,47,CarsCh00
48,J.K. Dobbins,BAL,RB,22,15,1,0,0,0,0,0,134,805,6.01,9,24,18,120,6.67,0,2,0,9,2,,151,168.5,174.5,159.5,20,17,48,DobbJK00
49,D.J. Moore,CAR,WR,23,15,14,0,1,0,0,0,2,22,11,0,118,66,1193,18.08,4,0,0,4,,,146,211.5,214.5,178.5,20,17,49,MoorD.00
50,Keenan Allen*,LAC,WR,28,14,13,0,1,0,0,0,1,-1,-1,0,147,100,992,9.92,8,3,2,8,1,,145,245.1,250.1,195.1,19,18,50,AlleKe00
51,Amari Cooper,DAL,WR,26,16,15,0,0,0,0,0,6,14,2.33,0,130,92,1114,12.11,5,0,0,5,1,,145,236.8,239.8,190.8,19,19,51,CoopAm00
52,T.J. Hockenson*,DET,TE,23,16,16,0,0,0,0,0,1,0,0,0,101,67,723,10.79,6,1,1,6,1,,108,175.3,179.3,141.8,18,5,52,HockTJ00
53,CeeDee Lamb,DAL,WR,21,16,14,0,0,0,0,0,10,82,8.2,1,111,74,935,12.64,5,2,1,7,1,,144,217.7,221.7,180.7,18,20,53,LambCe00
54,Mike Davis,CAR,RB,27,15,12,0,0,0,0,0,165,642,3.89,6,70,59,373,6.32,2,1,1,8,,,148,206.5,213.5,177,17,18,54,DaviMi01
55,David Johnson,HOU,RB,29,12,12,0,0,0,0,0,147,691,4.7,6,46,33,314,9.52,2,2,1,8,,,147,179.5,186.5,163,16,19,55,JohnDa08
56,Mike Gesicki,MIA,TE,25,15,9,0,0,0,0,0,0,0,,0,85,53,703,13.26,6,0,0,6,,,106,159.3,162.3,132.8,16,6,56,GesiMi00
57,Logan Thomas,WAS,TE,29,16,15,1,1,28,0,0,3,5,1.67,0,110,72,670,9.31,6,0,0,6,,,105,176.6,179.6,140.6,14,7,57,ThomLo00
58,Rob Gronkowski,TAM,TE,31,16,16,0,0,0,0,0,0,0,,0,77,45,623,13.84,7,1,0,7,,,104,149.3,152.3,126.8,14,8,58,GronRo00
59,D'Andre Swift,DET,RB,21,13,4,0,0,0,0,0,114,521,4.57,8,57,46,357,7.76,2,3,2,10,,,144,189.8,197.8,166.8,14,20,59,SwifDA00
60,Miles Sanders,PHI,RB,23,12,11,0,0,0,0,0,164,867,5.29,6,52,28,197,7.04,0,4,2,6,2,,142,170.4,178.4,156.4,12,21,60,SandMi01
61,Nelson Agholor,LVR,WR,27,16,13,0,0,0,0,0,0,0,,0,82,48,896,18.67,8,0,0,8,,,138,185.6,188.6,161.6,12,21,61,AghoNe00
62,JuJu Smith-Schuster,PIT,WR,24,16,14,0,0,0,0,0,0,0,,0,128,97,831,8.57,9,3,1,9,1,,137,234.1,238.1,185.6,11,22,62,SmitJu00
63,Terry McLaurin,WAS,WR,25,15,15,0,0,0,0,0,2,30,15,0,134,87,1118,12.85,4,1,1,4,,,137,223.8,227.8,180.3,11,23,63,McLaTe00
64,Will Fuller,HOU,WR,26,11,11,0,0,0,0,0,1,0,0,0,75,53,879,16.58,8,0,0,8,,,136,188.9,191.9,162.4,10,24,64,FullWi01
65,Clyde Edwards-Helaire,KAN,RB,21,13,13,0,0,0,0,0,181,803,4.44,4,54,36,297,8.25,1,0,0,5,,,140,176,182,158,10,22,65,EdwaCl00
66,Curtis Samuel,CAR,WR,24,15,5,0,0,0,0,0,41,200,4.88,2,97,77,851,11.05,3,1,0,5,,,135,212.1,218.1,173.6,9,25,66,SamuCu00
67,Jonnu Smith,TEN,TE,25,15,14,0,0,0,0,0,2,4,2,1,65,41,448,10.93,8,0,0,9,,,99,140.2,143.2,119.7,9,9,67,SmitJo01
68,Todd Gurley,ATL,RB,26,15,15,0,0,0,0,0,195,678,3.48,9,35,25,164,6.56,0,2,0,9,,,138,163.2,169.2,150.7,8,23,68,GurlTo01
69,Diontae Johnson,PIT,WR,24,15,13,0,0,0,0,0,3,15,5,0,144,88,923,10.49,7,2,1,7,,,134,221.8,225.8,177.8,8,26,69,JohnDi01
70,Jimmy Graham,CHI,TE,34,16,15,0,0,0,0,0,0,0,,0,76,50,456,9.12,8,1,0,8,,,94,143.6,146.6,118.6,3,10,70,GrahJi00
71,Robby Anderson,CAR,WR,27,16,16,0,0,0,0,0,4,15,3.75,0,136,95,1096,11.54,3,1,1,3,1,,129,224.1,228.1,176.6,3,27,71,AndeRo04
72,Hayden Hurst,ATL,TE,27,16,9,0,0,0,0,0,0,0,,0,88,56,571,10.2,6,0,0,6,,,93,149.1,152.1,121.1,3,11,72,HursHa00
73,Tee Higgins,CIN,WR,21,16,14,0,0,0,0,0,5,28,5.6,0,108,67,908,13.55,6,1,1,6,,,128,194.6,198.6,161.1,2,28,73,HiggTe00
74,Corey Davis,TEN,WR,25,14,12,0,0,0,0,0,0,0,,0,92,65,984,15.14,5,1,1,5,,,126,191.4,195.4,158.9,,29,74,DaviCo03
75,Matt Ryan,ATL,QB,35,16,16,407,626,4581,26,11,29,92,3.17,2,0,0,0,,0,6,3,2,,1,282,282.4,299.4,293.4,,12,75,RyanMa00
76,Chris Godwin,TAM,WR,24,12,12,0,0,0,0,0,0,0,,0,84,65,840,12.92,7,1,0,7,,,126,191,194,158.5,,30,76,GodwCh00
77,Johnny Stanton,CLE,,26,1,0,0,0,0,0,0,0,0,,0,0,0,0,,0,,0,0,,,,,,,,1,77,StanJo02
78,Nyheim Hines,IND,RB,24,16,2,0,0,0,0,0,89,380,4.27,3,76,63,482,7.65,4,0,0,7,1,,130,193.2,199.2,161.7,,24,78,HineNy00
79,Derek Carr,LVR,QB,29,16,16,348,517,4103,27,9,39,140,3.59,3,0,0,0,,0,11,8,3,,1,272,272.1,295.1,281.1,,13,,CarrDe02
80,Ben Roethlisberger,PIT,QB,38,15,15,399,608,3803,33,10,25,11,0.44,0,0,0,0,,0,5,1,0,,2,267,267.2,281.2,277.2,,14,,RoetBe00
81,Matthew Stafford,DET,QB,32,16,16,339,528,4084,26,10,29,112,3.86,0,1,0,0,,0,2,1,0,,2,261,260.6,277.6,270.6,,15,,StafMa00
82,Cam Newton,NWE,QB,31,15,15,242,368,2657,8,10,137,592,4.32,12,2,2,35,17.5,1,6,1,13,,1,259,261,278,270,,16,,NewtCa00
83,Baker Mayfield,CLE,QB,25,16,16,305,486,3563,26,8,54,165,3.06,1,1,1,6,6,0,8,4,1,,1,248,248.6,266.6,256.1,,17,,MayfBa00
84,Teddy Bridgewater,CAR,QB,28,15,15,340,492,3733,15,11,53,279,5.26,5,0,0,0,,0,6,3,5,,1,241,241.2,261.2,252.2,,18,,BridTe00
85,Jared Goff,LAR,QB,26,15,15,370,552,3952,20,13,51,99,1.94,4,0,0,0,,0,7,4,4,,1,240,240,260,253,,19,,GoffJa00
86,Philip Rivers,IND,QB,39,16,16,369,543,4169,24,11,18,-8,-0.44,0,0,0,0,,0,2,1,0,,1,240,240,255,251,,20,,RivePh00
87,Drew Brees,NOR,QB,41,12,12,275,390,2942,24,6,18,-2,-0.11,2,0,0,0,,0,6,2,2,,,209,209.5,220.5,215.5,,21,,BreeDr00
88,Carson Wentz,PHI,QB,28,12,12,251,437,2620,16,15,52,276,5.31,5,0,0,0,,0,10,4,5,,5,198,198.4,223.4,213.4,,22,,WentCa00
89,Drew Lock,DEN,QB,24,13,13,254,443,2933,16,15,44,160,3.64,3,0,0,0,,0,8,3,3,,1,181,181.3,205.3,196.3,,23,,LockDr00
90,Daniel Jones,NYG,QB,23,14,14,280,448,2943,11,10,65,423,6.51,1,0,0,0,,0,10,6,1,,1,180,180,202,190,,24,,JoneDa05
91,Joe Burrow,CIN,QB,24,10,10,264,404,2688,13,5,37,142,3.84,3,0,0,0,,0,9,4,3,,,174,173.7,188.7,178.7,,25,,BurrJo01
92,Gardner Minshew II,JAX,QB,24,9,8,216,327,2259,16,5,29,153,5.28,1,1,1,0,0,0,5,4,1,,1,160,160.7,175.7,165.2,,26,,MinsGa00
93,Mitchell Trubisky,CHI,QB,26,10,9,199,297,2055,16,8,33,195,5.91,1,0,0,0,,0,6,2,1,,1,154,153.7,169.7,161.7,,27,,TrubMi00
94,Ryan Fitzpatrick,MIA,QB,38,9,7,183,267,2091,13,8,30,151,5.03,2,1,1,0,0,0,2,0,2,1,2,153,153.7,167.7,161.2,,28,,FitzRy00
95,Taysom Hill,NOR,QB,30,16,8,88,121,928,4,2,87,457,5.25,8,12,8,98,12.25,1,10,5,9,,,149,156.6,169.6,154.6,,29,,HillTa00
96,Andy Dalton,DAL,QB,33,11,9,216,333,2170,14,8,28,114,4.07,0,1,1,-3,-3,0,2,1,0,,,136,136.9,151.9,144.4,,30,,DaltAn00
97,Dak Prescott,DAL,QB,27,5,5,151,222,1856,9,4,18,93,5.17,3,1,1,11,11,1,3,3,4,1,1,135,135.6,145.6,139.1,,32,,PresDa01
98,Tua Tagovailoa,MIA,QB,22,10,9,186,290,1814,11,5,36,109,3.03,3,0,0,0,,0,1,1,3,,1,135,135.5,147.5,140.5,,31,,TagoTu00
99,Sam Darnold,NYJ,QB,23,12,12,217,364,2208,9,11,37,217,5.86,2,0,0,0,,0,4,2,2,,1,134,134,153,145,,33,,DarnSa00
100,James Conner,PIT,RB,25,13,11,0,0,0,0,0,169,721,4.27,6,43,35,215,6.14,0,2,0,6,,,130,164.6,170.6,147.1,,25,,ConnJa00
101,Jeff Wilson,SFO,RB,25,12,3,0,0,0,0,0,126,600,4.76,7,28,13,133,10.23,3,2,2,10,,,129,142.3,150.3,135.8,,26,,WilsJe01
102,Cole Beasley,BUF,WR,31,15,10,1,1,20,1,0,0,0,,0,107,82,967,11.79,4,0,0,4,,,126,207.5,210.5,166.5,,31,,BeasCo00
103,Brandon Aiyuk,SFO,WR,22,12,11,0,0,0,0,0,6,77,12.83,2,96,60,748,12.47,5,0,0,7,,,125,184.5,187.5,154.5,,33,,AiyuBr00
104,Marquise Brown,BAL,WR,23,16,14,0,0,0,0,0,1,1,1,0,100,58,769,13.26,8,0,0,8,,,125,183,186,154,,32,,BrowMa04
105,Myles Gaskin,MIA,RB,23,10,7,0,0,0,0,0,142,584,4.11,3,47,41,388,9.46,2,2,2,5,,,123,164.2,172.2,143.7,,27,,GaskMy00
106,Gus Edwards,BAL,RB,25,16,6,0,0,0,0,0,144,723,5.02,6,13,9,129,14.33,0,1,1,6,,,119,128.2,135.2,123.7,,28,,EdwaGu00
107,Cooper Kupp,LAR,WR,27,15,12,0,0,0,0,0,4,33,8.25,0,124,92,974,10.59,3,1,1,3,,,117,208.7,212.7,162.7,,34,,KuppCo00
108,Wayne Gallman,NYG,RB,26,15,10,0,0,0,0,0,147,682,4.64,6,27,21,114,5.43,0,1,0,6,,,116,136.6,142.6,126.1,,29,,GallWa00
109,Jarvis Landry,CLE,WR,28,15,14,4,4,74,1,0,4,10,2.5,1,101,72,840,11.67,3,2,0,4,,,116,188,191,152,,35,,LandJa00
110,Nick Mullens,SFO,QB,25,10,8,211,326,2437,12,12,9,8,0.89,0,0,0,0,,0,6,4,0,,1,116,116.3,135.3,128.3,,34,,MullNi00
111,Chase Edmonds,ARI,RB,24,16,2,0,0,0,0,0,97,448,4.62,1,67,53,402,7.58,4,2,0,5,,,115,168,174,141.5,,30,,EdmoCh00
112,Tyler Boyd,CIN,WR,26,15,8,1,2,16,0,0,5,49,9.8,0,110,79,841,10.65,4,1,0,4,,,114,192.6,195.6,153.1,,37,,BoydTy00
113,Michael Gallup,DAL,WR,24,16,15,0,0,0,0,0,0,0,,0,105,59,843,14.29,5,0,0,5,,,114,173.3,176.3,143.8,,36,,GallMi00
114,Darrell Henderson,LAR,RB,23,15,11,0,0,0,0,0,138,624,4.52,5,24,16,159,9.94,1,0,0,6,,,114,130.3,136.3,122.3,,31,,HendDa00
115,Jamison Crowder,NYJ,WR,27,12,7,1,1,43,1,0,1,14,14,0,89,59,699,11.85,6,0,0,6,,,113,172,175,142.5,,38,,CrowJa00
116,Latavius Murray,NOR,RB,30,15,7,0,0,0,0,0,146,656,4.49,4,26,23,176,7.65,1,1,0,5,,,113,136.2,142.2,124.7,,32,,MurrLa00
117,Adrian Peterson,DET,RB,35,16,10,0,0,0,0,0,156,604,3.87,7,18,12,101,8.42,0,0,0,7,,,113,124.5,130.5,118.5,,33,,PeteAd01
118,Giovani Bernard,CIN,RB,29,16,10,0,0,0,0,0,124,416,3.35,3,59,47,355,7.55,3,1,1,6,,,111,158.1,165.1,134.6,,36,,BernGi00
119,Austin Ekeler,LAC,RB,25,10,10,0,0,0,0,0,116,530,4.57,1,65,54,403,7.46,2,1,0,3,,,111,165.3,171.3,138.3,,35,,EkelAu00
120,J.D. McKissic,WAS,RB,27,16,7,0,0,0,0,0,85,365,4.29,1,110,80,589,7.36,2,3,1,3,,,111,191.4,198.4,151.4,,34,,McKiJ.00
121,Tim Patrick,DEN,WR,27,15,15,0,0,0,0,0,0,0,,0,79,51,742,14.55,6,0,0,6,,,110,161.2,164.2,135.7,,39,,PatrTi00
122,Russell Gage,ATL,WR,24,16,8,1,2,39,1,0,2,9,4.5,0,109,72,786,10.92,4,0,0,4,,,109,181.1,184.1,145.1,,40,,GageRu00
123,T.Y. Hilton,IND,WR,31,15,15,0,0,0,0,0,0,0,,0,93,56,762,13.61,5,0,0,5,1,,108,164.2,167.2,136.2,,41,,HiltT.00
124,Jalen Hurts,PHI,QB,22,15,4,77,148,1061,6,4,63,354,5.62,3,1,1,3,3,0,9,2,3,,,108,109.1,121.1,112.6,,35,,HurtJa00
125,Jerry Jeudy,DEN,WR,21,16,14,0,0,0,0,0,0,0,,0,113,52,856,16.46,3,2,0,3,1,,106,157.6,160.6,131.6,,43,,JeudJe00
126,Devin Singletary,BUF,RB,23,16,16,0,0,0,0,0,156,687,4.4,2,50,38,269,7.08,0,1,1,2,,,106,143.6,150.6,124.6,,37,,SingDe00
127,Mike Williams,LAC,WR,26,15,11,0,0,0,0,0,1,1,1,0,85,48,756,15.75,5,0,0,5,,,106,153.7,156.7,129.7,,42,,WillMi07
128,Nick Foles,CHI,QB,31,9,7,202,312,1852,10,8,16,1,0.06,1,0,0,0,,0,2,0,1,,,104,104.2,115.2,112.2,,36,,FoleNi00
129,Emmanuel Sanders,NOR,WR,33,14,5,0,0,0,0,0,1,12,12,0,82,61,726,11.9,5,1,0,5,,,104,164.8,167.8,134.3,,45,,SandEm00
130,Marquez Valdes-Scantling,GNB,WR,26,16,12,0,0,0,0,0,4,13,3.25,0,63,33,690,20.91,6,1,1,6,,,104,137.3,141.3,120.8,,44,,ValdMa00
131,DeVante Parker,MIA,WR,27,14,11,0,0,0,0,0,0,0,,0,103,63,793,12.59,4,1,0,4,,,103,166.3,169.3,134.8,,46,,ParkDe01
132,Gabriel Davis,BUF,WR,21,16,11,0,0,0,0,0,1,0,0,0,62,35,599,17.11,7,1,0,7,,,102,136.9,139.9,119.4,,47,,DaviGa01
133,DJ Chark,JAX,WR,24,13,12,0,0,0,0,0,0,0,,0,93,53,706,13.32,5,0,0,5,,,101,153.6,156.6,127.1,,48,,CharDJ00
134,Keelan Cole,JAX,WR,27,16,5,0,0,0,0,0,1,2,2,0,88,55,642,11.67,5,0,0,6,,,100,155.4,158.4,127.9,,49,,ColeKe00
135,Laviska Shenault Jr.,JAX,WR,22,14,12,0,0,0,0,0,18,91,5.06,0,79,58,600,10.34,5,0,0,5,,,99,157.1,160.1,128.1,,50,,ShenLa00
136,Christian Kirk,ARI,WR,24,14,10,0,0,0,0,0,2,3,1.5,0,79,48,621,12.94,6,1,0,6,,,98,146.4,149.4,122.4,,51,,KirkCh01
137,Sterling Shepard,NYG,WR,27,12,12,0,0,0,0,0,6,49,8.17,1,90,66,656,9.94,3,0,0,4,1,,97,162.5,165.5,129.5,,52,,ShepSt00
138,Leonard Fournette,TAM,RB,25,13,3,0,0,0,0,0,97,367,3.78,6,47,36,233,6.47,0,0,0,6,,,96,132,138,114,,39,,FourLe00
139,Jamaal Williams,GNB,RB,25,14,3,0,0,0,0,0,119,505,4.24,2,35,31,236,7.61,1,0,0,3,2,,96,127.1,133.1,111.6,,38,,WillJa06
140,Julio Jones,ATL,WR,31,9,9,0,0,0,0,0,0,0,,0,68,51,771,15.12,3,0,0,3,,,95,146.1,149.1,120.6,,53,,JoneJu02
141,Jerick McKinnon,SFO,RB,28,16,4,0,0,0,0,0,81,319,3.94,5,46,33,253,7.67,1,0,0,6,,,93,126.2,132.2,109.7,,40,,McKiJe00
142,Zach Pascal,IND,WR,26,16,14,0,1,0,0,0,0,0,,0,71,44,629,14.3,5,0,0,5,,,93,136.9,139.9,114.9,,54,,PascZa00
143,Tony Pollard,DAL,RB,23,16,2,0,0,0,0,0,101,435,4.31,4,40,28,193,6.89,1,0,0,5,,,93,120.8,126.8,106.8,,41,,PollTo00
144,Cam Akers,LAR,RB,21,13,5,0,0,0,0,0,145,625,4.31,2,14,11,123,11.18,1,1,1,3,,,91,101.8,108.8,96.3,,42,,AkerCa00
145,Darnell Mooney,CHI,WR,23,16,9,0,0,0,0,0,4,20,5,0,98,61,631,10.34,4,1,0,4,1,,91,152.1,155.1,121.6,,55,,MoonDa00
146,Darius Slayton,NYG,WR,23,16,15,0,0,0,0,0,2,-1,-0.5,0,96,50,751,15.02,3,1,1,3,,,91,141,145,116,,56,,SlayDa01
147,Jared Cook,NOR,TE,33,15,5,0,0,0,0,0,0,0,,0,60,37,504,13.62,7,1,1,7,,,90,127.4,131.4,108.9,,12,,CookJa02
148,Zack Moss,BUF,RB,23,13,0,0,0,0,0,0,112,481,4.29,4,18,14,95,6.79,1,0,0,5,,,88,101.6,104.6,94.6,,43,,MossZa00
149,Noah Fant,DEN,TE,23,15,14,0,0,0,0,0,0,0,,0,93,62,673,10.85,3,0,0,3,1,,87,149.3,152.3,118.3,,13,,FantNo00
150,Mecole Hardman,KAN,WR,22,16,8,0,0,0,0,0,4,31,7.75,0,62,41,560,13.66,4,2,2,5,1,,87,128.1,133.1,107.6,,57,,HardMe00
151,Malcolm Brown,LAR,RB,27,16,0,0,0,0,0,0,101,419,4.15,5,33,23,162,7.04,0,1,1,5,,,86,109.1,116.1,97.6,,45,,BrowMa03
152,Eric Ebron,PIT,TE,27,15,9,0,0,0,0,0,0,0,,0,91,56,558,9.96,5,1,1,5,1,,86,141.8,145.8,113.8,,14,,EbroEr00
153,Damien Harris,NWE,RB,23,10,10,0,0,0,0,0,137,691,5.04,2,7,5,52,10.4,0,1,0,2,,,86,91.3,94.3,88.8,,44,,HarrDa06
154,Hunter Henry,LAC,TE,26,14,14,0,0,0,0,0,0,0,,0,93,60,613,10.22,4,0,0,4,,,85,145.3,148.3,115.3,,15,,HenrHu00
155,Frank Gore,NYJ,RB,37,15,14,0,0,0,0,0,187,653,3.49,2,19,16,89,5.56,0,1,1,2,,,84,100.2,104.2,92.2,,46,,GoreFr00
156,Tyler Higbee,LAR,TE,27,15,15,0,0,0,0,0,1,1,1,0,60,44,521,11.84,5,0,0,5,1,,84,128.2,131.2,106.2,,16,,HigbTy00
157,Rashard Higgins,CLE,WR,26,13,6,0,0,0,0,0,0,0,,0,52,37,599,16.19,4,3,0,4,,,84,120.9,123.9,102.4,,58,,HiggRa00
158,Jakobi Meyers,NWE,WR,24,14,9,2,2,43,2,0,2,9,4.5,0,81,59,729,12.36,0,1,1,0,1,,84,142.5,146.5,113,,60,,MeyeJa01
159,David Moore,SEA,WR,25,16,6,0,0,0,0,0,8,61,7.63,0,47,35,417,11.91,6,1,0,6,,,84,118.8,121.8,101.3,,59,,MoorDa03
160,Raheem Mostert,SFO,RB,28,8,8,0,0,0,0,0,104,521,5.01,2,19,16,156,9.75,1,1,1,3,,,84,99.7,106.7,91.7,,47,,MostRa00
161,Dalton Schultz,DAL,TE,24,16,14,0,0,0,0,0,0,0,,0,89,63,615,9.76,4,1,1,4,,,84,146.5,150.5,115,,17,,SchuDa00
162,Rex Burkhead,NWE,RB,30,10,0,0,0,0,0,0,67,274,4.09,3,33,25,192,7.68,3,0,0,6,,,83,107.6,113.6,95.1,,48,,BurkRe00
163,Kendrick Bourne,SFO,WR,25,15,5,0,0,0,0,0,0,0,,0,74,49,667,13.61,2,0,0,2,1,,81,129.7,132.7,105.2,,61,,BourKe00
164,Greg Ward,PHI,WR,25,16,10,1,1,15,0,0,2,-4,-2,0,79,53,419,7.91,6,2,0,6,1,,80,133.1,136.1,106.6,,62,,WardGr02
165,Joe Mixon,CIN,RB,24,6,6,0,0,0,0,0,119,428,3.6,3,26,21,138,6.57,1,1,1,4,,,79,99.6,106.6,89.1,,49,,MixoJo00
166,Evan Engram*,NYG,TE,26,16,14,0,0,0,0,0,6,26,4.33,1,109,63,654,10.38,1,1,1,2,,,78,141,145,109.5,,18,,EngrEv00
167,Travis Fulgham,PHI,WR,25,13,8,0,0,0,0,0,0,0,,0,67,38,539,14.18,4,0,0,4,,,78,115.9,118.9,96.9,,63,,FulgTr00
168,George Kittle,SFO,TE,27,8,8,0,0,0,0,0,2,17,8.5,0,63,48,634,13.21,2,0,0,2,,,77,125.1,128.1,101.1,,19,,KittGe00
169,Hunter Renfrow,LVR,WR,25,16,6,0,0,0,0,0,0,0,,0,77,56,656,11.71,2,2,1,2,,,76,131.6,135.6,103.6,,64,,RenfHu00
170,Alexander Mattison,MIN,RB,22,13,2,0,0,0,0,0,96,434,4.52,2,15,13,125,9.62,1,0,0,3,,,74,86.9,92.9,80.4,,50,,MattAl01
171,Christian McCaffrey,CAR,RB,24,3,3,0,0,0,0,0,59,225,3.81,5,19,17,149,8.76,1,0,0,6,,,73,90.4,96.4,81.9,,51,,McCaCh01
172,Antonio Brown,TAM,WR,32,8,4,0,0,0,0,0,2,-2,-1,0,62,45,483,10.73,4,0,0,4,,,72,117.1,120.1,94.6,,66,,BrowAn04
173,Josh Reynolds,LAR,WR,25,16,13,0,0,0,0,0,1,5,5,0,81,52,618,11.88,2,2,1,2,,,72,124.3,128.3,98.3,,65,,ReynJo00
174,Alex Smith,WAS,QB,36,8,6,168,252,1582,6,8,10,3,0.3,0,0,0,0,,0,2,0,0,,,72,71.6,82.6,79.6,,37,,SmitAl03
175,Boston Scott,PHI,RB,25,16,4,0,0,0,0,0,80,374,4.68,1,36,25,212,8.48,1,2,0,2,,,71,95.6,101.6,83.1,,52,,ScotBo02
176,Dallas Goedert,PHI,TE,25,11,9,0,0,0,0,0,0,0,,0,65,46,524,11.39,3,0,0,3,,,70,116.4,119.4,93.4,,20,,GoedDa00
177,Brian Hill,ATL,RB,25,16,1,0,0,0,0,0,100,465,4.65,1,30,25,199,7.96,0,2,1,1,,,70,95.4,102.4,82.9,,53,,HillBr02
178,Isaiah McKenzie,BUF,WR,25,16,7,1,1,12,1,0,10,9,0.9,0,34,30,282,9.4,5,0,0,6,,,70,99.6,102.6,84.6,,67,,McKeIs00
179,Scott Miller,TAM,WR,23,16,5,0,0,0,0,0,3,14,4.67,0,53,33,501,15.18,3,0,0,3,,,70,102.5,105.5,86,,68,,MillSc01
180,Devontae Booker,LVR,RB,28,16,1,0,0,0,0,0,93,423,4.55,3,21,17,84,4.94,0,1,0,3,,,69,85.7,88.7,77.2,,55,,BookDe00
181,Jalen Guyton,LAC,WR,23,16,9,0,0,0,0,0,2,0,0,0,55,28,511,18.25,3,0,0,3,,,69,97.1,100.1,83.1,,70,,GuytJa01
182,Carlos Hyde,SEA,RB,30,10,1,0,0,0,0,0,81,356,4.4,4,20,16,93,5.81,0,1,0,4,,,69,84.9,87.9,76.9,,54,,HydeCa00
183,Breshad Perriman,NYJ,WR,27,12,12,0,0,0,0,0,1,6,6,0,60,30,505,16.83,3,0,0,3,,,69,99.1,102.1,84.1,,71,,PerrBr02
184,Irv Smith Jr.,MIN,TE,22,13,7,0,0,0,0,0,0,0,,0,43,30,365,12.17,5,0,0,5,1,,69,98.5,101.5,83.5,,21,,SmitIr01
185,Tre'Quan Smith,NOR,WR,24,14,10,0,0,0,0,0,1,3,3,0,50,34,448,13.18,4,1,0,4,,,69,103.1,106.1,86.1,,72,,SmitTr03
186,James Washington,PIT,WR,24,16,7,0,0,0,0,0,0,0,,0,56,30,392,13.07,5,0,0,5,,,69,99.2,102.2,84.2,,69,,WashJa00
187,Damiere Byrd,NWE,WR,27,16,14,0,0,0,0,0,2,15,7.5,0,77,47,604,12.85,1,3,0,1,,,68,114.9,117.9,91.4,,73,,ByrdDa00
188,Dwayne Haskins,WAS,QB,23,7,6,148,241,1439,5,7,20,46,2.3,1,0,0,0,,0,6,3,1,,,68,68.2,81.2,75.2,,38,,HaskDw00
189,Austin Hooper,CLE,TE,26,13,13,0,0,0,0,0,0,0,,0,70,46,435,9.46,4,0,0,4,,,68,113.5,116.5,90.5,,22,,HoopAu00
190,Sony Michel,NWE,RB,25,9,6,0,0,0,0,0,79,449,5.68,1,9,7,114,16.29,1,0,0,2,,,68,75.3,81.3,71.8,,56,,MichSo00
191,James White,NWE,RB,28,14,0,0,0,0,0,0,35,121,3.46,2,62,49,375,7.65,1,1,0,3,,,68,116.6,122.6,92.1,,57,,WhitJa02
192,Dan Arnold,ARI,TE,25,16,5,0,0,0,0,0,0,0,,0,45,31,438,14.13,4,2,1,4,,,66,96.8,100.8,81.3,,23,,ArnoDa00
193,Kalen Ballage,2TM,RB,25,11,2,0,0,0,0,0,91,303,3.33,3,37,29,166,5.72,0,1,0,3,,,65,93.9,99.9,79.4,,58,,BallKa00
194,Allen Lazard,GNB,WR,25,10,9,0,0,0,0,0,2,17,8.5,0,46,33,451,13.67,3,0,0,3,,,65,97.8,100.8,81.3,,74,,LazaAl00
195,Benny Snell Jr.,PIT,RB,22,16,3,0,0,0,0,0,111,368,3.32,4,14,10,61,6.1,0,2,1,4,,,65,74.9,78.9,69.9,,59,,SnelBe00
196,Odell Beckham Jr.,CLE,WR,28,7,7,1,1,18,0,0,3,72,24,1,43,23,319,13.87,3,0,0,4,,,64,86.8,89.8,75.3,,76,,BeckOd00
197,John Brown,BUF,WR,30,9,8,0,0,0,0,0,0,0,,0,52,33,458,13.88,3,0,0,3,,,64,96.8,99.8,80.3,,77,,BrowJo02
198,Jimmy Garoppolo,SFO,QB,29,6,6,94,140,1096,7,5,10,25,2.5,0,0,0,0,,0,2,0,0,,,64,64.3,72.3,69.3,,39,,GaroJi00
199,A.J. Green,CIN,WR,32,16,14,0,0,0,0,0,0,0,,0,104,47,523,11.13,2,0,0,2,,,64,111.3,114.3,87.8,,75,,GreeA.00
200,Kyle Juszczyk*,SFO,RB,29,16,15,0,0,0,0,0,17,64,3.76,2,29,19,202,10.63,4,1,0,6,,,63,81.6,84.6,72.1,,60,,JuszKy00
201,Demarcus Robinson,KAN,WR,26,16,9,0,0,0,0,0,0,0,,0,59,45,466,10.36,3,2,1,3,,,63,107.6,111.6,85.1,,78,,RobiDe01
202,Randall Cobb,HOU,WR,30,10,2,0,1,0,0,0,0,0,,0,48,38,441,11.61,3,0,0,3,,,62,100.1,103.1,81.1,,79,,CobbRa00
203,Mike Glennon,JAX,QB,31,5,5,111,179,1072,7,5,6,17,2.83,0,0,0,0,,0,2,2,0,,1,61,60.6,70.6,65.6,,40,,GlenMi00
204,Willie Snead,BAL,WR,28,13,8,0,0,0,0,0,0,0,,0,48,33,432,13.09,3,1,0,3,,,61,94.2,97.2,77.7,,80,,SneaWi00
205,Danny Amendola,DET,WR,35,14,5,0,0,0,0,0,1,2,2,0,69,46,602,13.09,0,0,0,0,,,60,106.4,109.4,83.4,,81,,AmenDa00
206,Braxton Berrios,NYJ,WR,25,16,2,0,0,0,0,0,3,29,9.67,0,55,37,394,10.65,3,0,0,3,,,60,97.3,100.3,78.8,,82,,BerrBr00
207,KJ Hamler,DEN,WR,21,13,4,0,0,0,0,0,9,40,4.44,0,56,30,381,12.7,3,2,0,3,,,60,90.1,93.1,75.1,,83,,HamlKJ00
208,Tyron Johnson,LAC,WR,24,12,0,0,0,0,0,0,3,17,5.67,0,26,20,398,19.9,3,0,0,3,,,60,79.5,82.5,69.5,,85,,JohnTy03
209,Anthony Miller,CHI,WR,26,16,6,0,0,0,0,0,2,12,6,0,76,49,485,9.9,2,2,1,2,,,60,108.7,112.7,84.2,,84,,MillAn02
210,Le'Veon Bell,2TM,RB,28,11,4,0,0,0,0,0,82,328,4,2,20,16,138,8.63,0,1,0,2,,,59,74.6,80.6,66.6,,62,,BellLe00
211,Phillip Lindsay,DEN,RB,26,11,8,0,0,0,0,0,118,502,4.25,1,14,7,28,4,0,0,0,1,,,59,66,69,62.5,,61,,LindPh00
212,Michael Pittman Jr.,IND,WR,23,13,8,0,0,0,0,0,3,26,8.67,0,61,40,503,12.58,1,0,0,1,,,59,98.9,101.9,78.9,,86,,PittMi01
213,Salvon Ahmed,MIA,RB,22,6,4,0,0,0,0,0,75,319,4.25,3,14,11,61,5.55,0,0,0,3,1,,58,69,72,63.5,,64,,AhmeSa01
214,Joshua Kelley,LAC,RB,23,14,0,0,0,0,0,0,111,354,3.19,2,23,23,148,6.43,0,2,2,2,,,58,81.2,89.2,69.7,,63,,KellJo01
215,Henry Ruggs III,LVR,WR,21,13,12,0,0,0,0,0,9,49,5.44,0,43,26,452,17.38,2,2,2,2,,,58,84.1,89.1,71.1,,87,,RuggHe00
216,Chris Conley,JAX,WR,28,15,4,0,0,0,0,0,0,0,,0,63,40,471,11.78,2,1,1,2,,,57,97.1,101.1,77.1,,88,,ConlCh00
217,Preston Williams,MIA,WR,23,8,7,0,0,0,0,0,0,0,,0,35,18,288,16,4,0,0,4,2,,57,74.8,77.8,65.8,,89,,WillPr01
218,Duke Johnson,HOU,RB,27,11,5,0,0,0,0,0,77,235,3.05,1,35,28,249,8.89,1,3,2,2,,,56,84.4,92.4,70.4,,65,,JohnDu00
219,Jalen Reagor,PHI,WR,21,11,11,0,0,0,0,0,4,26,6.5,0,54,31,396,12.77,1,2,0,2,1,,56,87.2,90.2,71.7,,90,,ReagJa00
220,Trey Burton,IND,TE,29,13,4,0,0,0,0,0,2,3,1.5,2,47,28,250,8.93,3,0,0,5,,,55,83.3,86.3,69.3,,24,,BurtTr01
221,Darren Fells,HOU,TE,34,16,14,0,0,0,0,0,0,0,,0,28,21,312,14.86,4,0,0,4,,,55,76.2,79.2,65.7,,25,,FellDa01
222,Joe Flacco,NYJ,QB,35,5,4,74,134,864,6,3,6,22,3.67,0,0,0,0,,0,1,0,0,,,55,54.8,60.8,57.8,,41,,FlacJo00
223,Samaje Perine,CIN,RB,25,16,1,0,0,0,0,0,63,301,4.78,3,12,11,66,6,0,0,0,3,,,55,65.7,68.7,60.2,,66,,PeriSa00
224,Keke Coutee,HOU,WR,23,8,4,0,0,0,0,0,0,0,,0,40,33,400,12.12,3,4,3,3,1,,54,87,93,70.5,,92,,CoutKe00
225,Cam Sims,WAS,WR,24,16,10,0,0,0,0,0,1,5,5,0,48,32,477,14.91,1,1,0,1,,,54,86.2,89.2,70.2,,91,,SimsCa00
226,Kerryon Johnson,DET,RB,23,16,2,0,0,0,0,0,52,181,3.48,2,26,19,187,9.84,1,1,1,3,,,53,71.8,78.8,62.3,,67,,JohnKe06
227,C.J. Beathard,SFO,QB,27,6,2,66,104,787,6,0,6,28,4.67,0,0,0,0,,0,3,3,0,,,52,52.3,58.3,52.3,,42,,BeatC.00
228,Gerald Everett,LAR,TE,26,16,7,0,0,0,0,0,1,2,2,1,62,41,417,10.17,1,1,1,2,,,52,92.9,96.9,72.4,,26,,EverGe00
229,Golden Tate,NYG,WR,32,12,4,1,2,18,0,0,0,0,,0,52,35,388,11.09,2,0,0,2,,,52,86.5,89.5,69,,93,,TateGo00
230,Peyton Barber,WAS,RB,26,16,2,0,0,0,0,0,94,258,2.74,4,7,4,12,3,0,0,0,4,,,51,55,58,53,,68,,BarbPe01
231,Miles Boykin,BAL,WR,24,16,13,0,0,0,0,0,0,0,,0,33,19,266,14,4,0,0,4,,,51,69.6,72.6,60.1,,95,,BoykMi00
232,Jakeem Grant,MIA,WR,28,14,4,0,0,0,0,0,3,20,6.67,0,54,36,373,10.36,1,2,0,2,,,51,87.3,90.3,69.3,,94,,GranJa00
233,Brandon Allen,CIN,QB,28,5,5,90,142,925,5,4,13,27,2.08,0,1,0,0,,0,1,1,0,,,50,49.7,57.7,53.7,,43,,AlleBr00
234,Sammy Watkins,KAN,WR,27,10,9,0,1,0,0,1,1,3,3,0,55,37,421,11.38,2,1,1,2,,,50,87.4,92.4,69.9,,96,,WatkSa00
235,Mo Alie-Cox,IND,TE,27,15,6,0,0,0,0,0,0,0,,0,39,31,394,12.71,2,1,1,2,,,49,80.4,84.4,64.9,,27,,AlieMo00
236,Jordan Wilkins,IND,RB,26,15,0,0,0,0,0,0,84,308,3.67,1,16,12,105,8.75,0,0,0,1,1,,49,61.3,67.3,55.3,,69,,WilkJo01
237,Cordarrelle Patterson*+,CHI,WR,29,16,3,0,0,0,0,0,64,232,3.63,1,25,21,132,6.29,0,0,0,2,,,48,69.4,75.4,58.9,,97,,PattCo00
238,Deebo Samuel,SFO,WR,24,7,5,0,0,0,0,0,8,26,3.25,0,44,33,391,11.85,1,0,0,1,,,48,80.7,83.7,64.2,,98,,SamuDe00
239,Jordan Akins,HOU,TE,28,13,5,0,0,0,0,0,1,4,4,0,49,37,403,10.89,1,0,0,1,,,47,83.7,86.7,65.2,,30,,AkinJo00
240,Quintez Cephus,DET,WR,22,13,2,0,0,0,0,0,0,0,,0,35,20,349,17.45,2,0,0,2,,,47,66.9,69.9,56.9,,99,,CephQu00
241,Tyler Eifert,JAX,TE,30,15,4,0,0,0,0,0,0,0,,0,60,36,349,9.69,2,0,0,2,,,47,82.9,85.9,64.9,,29,,EifeTy00
242,Larry Fitzgerald,ARI,WR,37,13,13,0,0,0,0,0,0,0,,0,72,54,409,7.57,1,0,0,1,,,47,100.9,103.9,73.9,,100,,FitzLa00
243,Mark Ingram,BAL,RB,31,11,9,0,0,0,0,0,72,299,4.15,2,8,6,50,8.33,0,0,0,2,,,47,52.9,55.9,49.9,,71,,IngrMa01
244,Ty Johnson,2TM,RB,23,13,1,0,0,0,0,0,54,254,4.7,1,21,16,99,6.19,1,0,0,2,,,47,63.3,66.3,55.3,,70,,JohnTy02
245,Jordan Reed,SFO,TE,30,10,1,0,0,0,0,0,0,0,,0,46,26,231,8.88,4,0,0,4,,,47,73.1,76.1,60.1,,28,,ReedJo02
246,Richard Rodgers,PHI,TE,28,14,4,0,0,0,0,0,0,0,,0,31,24,345,14.38,2,0,0,2,,,47,70.5,73.5,58.5,,31,,RodgRi00
247,Kenny Golladay,DET,WR,27,5,5,0,0,0,0,0,0,0,,0,32,20,338,16.9,2,0,0,2,,,46,65.8,68.8,55.8,,101,,GollKe00
248,Justin Jackson,LAC,RB,24,9,4,0,0,0,0,0,59,270,4.58,0,24,19,173,9.11,0,0,0,0,1,,46,65.3,71.3,55.8,,72,,JackJu01
249,Kyle Allen,WAS,QB,24,4,4,60,87,610,4,1,7,26,3.71,1,0,0,0,,0,1,1,1,,,45,45,50,46,,44,,AlleKy00
250,Anthony Firkser,TEN,TE,25,16,1,0,0,0,0,0,0,0,,0,53,39,387,9.92,1,0,0,1,,,45,83.7,86.7,64.2,,32,,FirkAn00
251,Donovan Peoples-Jones,CLE,WR,21,12,2,0,0,0,0,0,0,0,,0,20,14,304,21.71,2,0,0,2,1,,44,58.4,61.4,51.4,,102,,PeopDo00
252,Michael Thomas,NOR,WR,27,7,5,0,0,0,0,0,1,1,1,0,55,40,438,10.95,0,0,0,0,,,44,83.9,86.9,63.9,,103,,ThomMi05
253,Chris Herndon,NYJ,TE,24,16,13,0,0,0,0,0,0,0,,0,45,31,287,9.26,3,2,2,3,,,43,73.7,78.7,58.2,,34,,HernCh00
254,Dawson Knox,BUF,TE,24,12,7,0,0,0,0,0,0,0,,0,44,24,288,12,3,2,2,3,,,43,66.8,71.8,54.8,,33,,KnoxDa00
255,Zach Ertz,PHI,TE,30,11,11,0,0,0,0,0,0,0,,0,72,36,335,9.31,1,0,0,1,1,,42,77.5,80.5,59.5,,35,,ErtzZa00
256,Marvin Hall,2TM,WR,27,12,6,0,0,0,0,0,1,1,1,0,32,18,302,16.78,2,0,0,2,,,42,60.3,63.3,51.3,,104,,HallMa02
257,La'Mical Perine,NYJ,RB,22,10,0,0,0,0,0,0,64,232,3.63,2,15,11,63,5.73,0,0,0,2,,,42,52.5,55.5,47,,73,,PeriLa00
258,Jack Doyle,IND,TE,30,14,12,0,0,0,0,0,0,0,,0,33,23,251,10.91,3,1,1,3,,,41,64.1,68.1,52.6,,36,,DoylJa00
259,N'Keal Harry,NWE,WR,23,14,9,0,0,0,0,0,2,0,0,0,57,33,309,9.36,2,1,1,2,,,41,73.9,77.9,57.4,,107,,HarrNK00
260,Jacob Hollister,SEA,TE,27,16,5,0,0,0,0,0,0,0,,0,40,25,209,8.36,3,0,0,3,1,,41,65.9,68.9,53.4,,37,,HollJa03
261,Richie James,SFO,WR,25,11,7,0,0,0,0,0,0,0,,0,35,23,394,17.13,1,2,2,1,,,41,64.4,69.4,52.9,,105,,JameRi00
262,Collin Johnson,JAX,WR,23,14,0,0,0,0,0,0,0,0,,0,31,18,272,15.11,2,0,0,2,1,,41,59.2,62.2,50.2,,106,,JohnCo01
263,Cameron Brate,TAM,TE,29,16,1,0,0,0,0,0,0,0,,0,34,28,282,10.07,2,0,0,2,,,40,68.2,71.2,54.2,,38,,BratCa00
264,DeeJay Dallas,SEA,RB,22,12,2,0,0,0,0,0,34,108,3.18,2,20,17,111,6.53,1,0,0,3,,,40,56.9,62.9,48.4,,75,,DallDe00
265,Ito Smith,ATL,RB,25,14,0,0,0,0,0,0,63,268,4.25,1,26,17,75,4.41,0,1,0,1,,,40,57.3,60.3,48.8,,74,,SmitIt00
266,DaeSean Hamilton,DEN,WR,25,16,2,0,0,0,0,0,0,0,,0,44,23,293,12.74,2,1,1,2,,,39,62.3,66.3,50.8,,108,,HamiDa01
267,Drew Sample,CIN,TE,24,16,13,0,0,0,0,0,0,0,,0,53,40,349,8.73,1,1,1,1,,,39,78.9,82.9,58.9,,39,,SampDr00
268,Harrison Bryant,CLE,TE,22,15,9,0,0,0,0,0,0,0,,0,38,24,238,9.92,3,2,2,3,,,38,61.8,66.8,49.8,,40,,BryaHa00
269,AJ Dillon,GNB,RB,22,11,0,0,0,0,0,0,46,242,5.26,2,2,2,21,10.5,0,0,0,2,,,38,40.3,43.3,39.3,,76,,DillAJ00
270,Dion Lewis,NYG,RB,30,16,0,0,0,0,0,0,29,115,3.97,2,30,19,127,6.68,1,3,2,3,,,38,57.2,65.2,47.7,,77,,LewiDi00
271,Denzel Mims,NYJ,WR,23,9,8,0,0,0,0,0,0,0,,0,44,23,357,15.52,0,0,0,0,1,,38,60.7,63.7,49.2,,109,,MimsDe00
272,Alfred Morris,NYG,RB,32,9,0,0,0,0,0,0,55,238,4.33,1,4,3,19,6.33,1,0,0,2,,,38,40.7,43.7,39.2,,78,,MorrAl00
273,Will Dissly,SEA,TE,24,16,12,0,0,0,0,0,0,0,,0,29,24,251,10.46,2,0,0,2,,,37,61.1,64.1,49.1,,42,,DissWi00
274,Kyle Rudolph,MIN,TE,31,12,12,0,0,0,0,0,0,0,,0,37,28,334,11.93,1,1,1,1,,,37,65.4,69.4,51.4,,41,,RudoKy00
275,Darrel Williams,KAN,RB,25,16,0,0,0,0,0,0,39,169,4.33,1,26,18,116,6.44,0,0,0,1,1,,37,54.5,60.5,45.5,,79,,WillDa10
276,Julian Edelman,NWE,WR,34,6,1,2,2,38,0,0,2,22,11,0,39,21,315,15,0,0,0,0,,,35,56.2,59.2,45.7,,110,,EdelJu00
277,Adam Humphries,TEN,WR,27,7,1,0,0,0,0,0,0,0,,0,35,23,228,9.91,2,0,0,2,,,35,57.8,60.8,46.3,,111,,HumpAd00
278,Cedrick Wilson Jr.,DAL,WR,25,16,0,2,2,23,1,0,3,-12,-4,0,28,17,189,11.12,2,0,0,2,,,35,51.6,54.6,43.1,,112,,WilsCe01
279,Andy Isabella,ARI,WR,24,13,2,0,0,0,0,0,1,-6,-6,0,35,21,224,10.67,2,1,0,2,,,34,54.8,57.8,44.3,,113,,IsabAn00
280,Cole Kmet,CHI,TE,21,16,9,0,0,0,0,0,1,-3,-3,0,44,28,243,8.68,2,1,1,2,,,34,62,66,48,,43,,KmetCo00
281,Donald Parham,LAC,TE,23,13,5,0,0,0,0,0,0,0,,0,20,10,159,15.9,3,0,0,3,,,34,43.9,46.9,38.9,,44,,ParhDo00
282,Matt Breida,MIA,RB,25,12,1,0,0,0,0,0,59,254,4.31,0,10,9,96,10.67,0,2,1,0,,,33,42,46,37.5,,80,,BreiMa00
283,Devin Duvernay,BAL,WR,23,16,3,0,0,0,0,0,4,70,17.5,0,26,20,201,10.05,0,0,0,1,,,33,53.1,56.1,43.1,,115,,DuveDe00
284,David Njoku,CLE,TE,24,13,5,0,0,0,0,0,0,0,,0,29,19,213,11.21,2,0,0,2,,,33,52.3,55.3,42.8,,45,,NjokDa00
285,Adam Shaheen,MIA,TE,26,16,5,0,0,0,0,0,0,0,,0,22,12,150,12.5,3,0,0,3,,,33,45,48,39,,46,,ShahAd00
286,Durham Smythe,MIA,TE,25,15,13,0,0,0,0,0,0,0,,0,29,26,208,8,2,0,0,2,,,33,58.8,61.8,45.8,,47,,SmytDu00
287,Olamide Zaccheaus,ATL,WR,23,11,2,0,0,0,0,0,1,0,0,0,32,20,274,13.7,1,0,0,1,,,33,53.4,56.4,43.4,,114,,ZaccOl01
288,Jeremy McNichols,TEN,RB,25,16,0,0,0,0,0,0,47,204,4.34,1,17,12,55,4.58,0,0,0,1,,,32,43.9,46.9,37.9,,82,,McNiJe00
289,Jalen Richard,LVR,RB,27,13,0,0,0,0,0,0,22,123,5.59,1,23,19,138,7.26,0,1,0,1,,,32,51.1,57.1,41.6,,81,,RichJa01
290,Josh Adams,NYJ,RB,24,8,0,0,0,0,0,0,29,157,5.41,2,8,6,29,4.83,0,0,0,2,,,31,36.6,39.6,33.6,,83,,AdamJo03
291,Ross Dwelley,SFO,TE,25,16,9,0,0,0,0,0,0,0,,0,24,19,245,12.89,1,0,0,1,,,31,49.5,52.5,40,,48,,DwelRo00
292,DeSean Jackson,PHI,WR,34,5,5,0,0,0,0,0,1,12,12,0,26,14,236,16.86,1,0,0,1,,,31,44.8,47.8,37.8,,116,,JackDe00
293,Chad Beebe,MIN,WR,26,14,0,0,0,0,0,0,0,0,,0,30,20,201,10.05,2,2,1,2,,,30,50.1,54.1,40.1,,118,,BeebCh00
294,Jeff Driskel,DEN,QB,27,3,1,35,64,432,3,2,6,28,4.67,0,0,0,0,,0,0,0,0,,1,30,30.1,35.1,32.1,,45,,DrisJe00
295,Chad Hansen,HOU,WR,25,5,2,0,0,0,0,0,0,0,,0,24,17,236,13.88,1,0,0,1,,,30,46.6,49.6,38.1,,119,,HansCh00
296,Jordan Howard,2TM,RB,26,7,4,0,0,0,0,0,35,60,1.71,4,1,1,-3,-3,0,1,0,4,,,30,30.7,30.7,30.2,,84,,HowaJo00
297,Tyler Kroft,BUF,TE,28,10,4,0,0,0,0,0,0,0,,0,16,12,119,9.92,3,0,0,3,,,30,41.9,44.9,35.9,,49,,KrofTy00
298,Greg Olsen,SEA,TE,35,11,8,0,0,0,0,0,0,0,,0,37,24,239,9.96,1,0,0,1,,,30,53.9,56.9,41.9,,50,,OlseGr00
299,Steven Sims,WAS,WR,23,12,2,0,0,0,0,0,1,18,18,0,37,27,265,9.81,1,4,2,1,,,30,57.3,62.3,43.8,,117,,SimsSt00
300,Devonta Freeman,NYG,RB,28,5,4,0,0,0,0,0,54,172,3.19,1,10,7,58,8.29,0,0,0,1,,,29,36,39,32.5,,85,,FreeDe00
301,Tyler Johnson,TAM,WR,22,14,3,0,0,0,0,0,0,0,,0,17,12,169,14.08,2,0,0,2,,,29,40.9,43.9,34.9,,120,,JohnTy00
302,Marcedes Lewis,GNB,TE,36,15,15,0,0,0,0,0,0,0,,0,17,10,107,10.7,3,0,0,3,,,29,38.7,41.7,33.7,,51,,LewiMa00
303,Pharaoh Brown,HOU,TE,26,13,9,0,0,0,0,0,0,0,,0,16,14,163,11.64,2,0,0,2,,,28,42.3,45.3,35.3,,52,,BrowPh01
304,Isaiah Ford,MIA,WR,24,10,1,0,0,0,0,0,0,0,,0,44,28,276,9.86,0,0,0,0,,,28,55.6,58.6,41.6,,126,,FordIs00
305,Deonte Harris,NOR,WR,23,9,2,0,0,0,0,0,6,51,8.5,0,25,20,186,9.3,1,3,1,1,,,28,47.7,51.7,37.7,,125,,HarrDe07
306,Dontrelle Inman,WAS,WR,31,10,2,0,0,0,0,0,0,0,,0,28,18,163,9.06,2,1,0,2,,,28,46.3,49.3,37.3,,121,,InmaDo00
307,Van Jefferson,LAR,WR,24,16,0,0,0,0,0,0,1,-1,-1,0,31,19,220,11.58,1,1,0,1,,,28,46.9,49.9,37.4,,123,,JeffVa00
308,Jake Luton,JAX,QB,24,3,3,60,110,624,2,6,1,13,13,1,0,0,0,,0,2,0,1,,,28,28.3,37.3,34.3,,46,,LutoJa00
309,Byron Pringle,KAN,WR,27,13,3,0,0,0,0,0,0,0,,0,17,13,160,12.31,1,0,0,2,,,28,41,44,34.5,,122,,PrinBy00
310,Rodney Smith,CAR,RB,24,7,1,0,0,0,0,0,41,156,3.8,1,11,9,59,6.56,0,1,0,1,,,28,36.5,39.5,32,,86,,SmitRo08
311,Freddie Swain,SEA,WR,22,16,1,0,0,0,0,0,0,0,,0,21,13,159,12.23,2,0,0,2,,,28,40.9,43.9,34.4,,124,,SwaiFr00
312,O.J. Howard,TAM,TE,26,4,1,0,0,0,0,0,0,0,,0,19,11,146,13.27,2,0,0,2,,,27,37.6,40.6,32.1,,53,,HowaO.00
313,Mohamed Sanu,2TM,WR,31,10,4,0,0,0,0,0,1,3,3,0,24,17,187,11,1,0,0,1,1,,27,44,47,35.5,,127,,SanuMo00
314,Lynn Bowden Jr.,MIA,RB,23,10,4,1,2,32,0,0,9,32,3.56,0,37,28,211,7.54,0,0,0,0,,,26,53.6,56.6,39.6,,88,,BowdLy00
315,Marcus Johnson,IND,WR,26,11,3,0,0,0,0,0,0,0,,0,28,14,255,18.21,0,0,0,0,,,26,39.5,42.5,32.5,,128,,JohnMa07
316,Marcus Mariota,LVR,QB,27,1,0,17,28,226,1,1,9,88,9.78,1,0,0,0,,0,0,0,1,,,26,25.8,26.8,26.8,,47,,MariMa01
317,Foster Moreau,LVR,TE,23,16,2,0,0,0,0,0,0,0,,0,9,7,140,20,2,0,0,2,,,26,33,36,29.5,,55,,MoreFo00
318,James O'Shaughnessy,JAX,TE,28,15,13,0,0,0,0,0,0,0,,0,38,28,262,9.36,0,0,0,0,,,26,54.2,57.2,40.2,,54,,O'ShJa00
319,Darwin Thompson,KAN,RB,23,14,1,0,0,0,0,0,27,97,3.59,1,11,7,65,9.29,1,0,1,2,,,26,33.2,34.2,29.7,,87,,ThomDa06
320,Tyler Conklin,MIN,TE,25,16,2,0,0,0,0,0,0,0,,0,26,19,194,10.21,1,1,0,1,,,25,44.4,47.4,34.9,,56,,ConkTy00
321,Bryan Edwards,LVR,WR,22,12,3,0,0,0,0,0,0,0,,0,15,11,193,17.55,1,0,0,1,,,25,36.3,39.3,30.8,,129,,EdwaBr01
322,Royce Freeman,DEN,RB,24,16,0,0,0,0,0,0,35,170,4.86,0,13,12,81,6.75,0,0,0,0,,,25,37.1,40.1,31.1,,89,,FreeRo00
323,Jesse James,DET,TE,26,16,7,0,0,0,0,0,0,0,,0,22,14,129,9.21,2,0,0,2,,,25,38.9,41.9,31.9,,57,,JameJe00
324,Jamycal Hasty,SFO,RB,24,8,0,0,0,0,0,0,39,148,3.79,1,8,7,33,4.71,0,1,0,1,,,24,31.1,34.1,27.6,,90,,HastJa02
325,Chad Henne,KAN,QB,35,3,1,28,38,248,2,0,7,-2,-0.29,1,0,0,0,,0,2,0,1,,,24,23.7,23.7,23.7,,48,,HennCh01
326,Travis Homer,SEA,RB,22,9,0,0,0,0,0,0,25,88,3.52,0,10,9,90,10,1,0,0,1,,,24,32.8,32.8,28.3,,91,,HomeTr00
327,Nick Boyle,BAL,TE,27,9,9,0,0,0,0,0,0,0,,0,17,14,113,8.07,2,0,0,2,,,23,37.3,40.3,30.3,,58,,BoylNi00
328,Zay Jones,LVR,WR,25,16,2,1,1,29,0,0,0,0,,0,20,14,154,11,1,0,0,1,,,23,36.6,39.6,29.6,,130,,JoneZa00
329,MyCole Pruitt,TEN,TE,28,11,4,0,0,0,0,0,0,0,,0,8,5,49,9.8,2,0,0,3,,,23,27.9,27.9,25.4,,60,,PruiMy00
330,Chris Thompson,JAX,RB,30,8,0,0,0,0,0,0,7,20,2.86,0,23,20,146,7.3,1,0,0,1,,,23,42.6,45.6,32.6,,92,,ThomCh03
331,Adam Trautman,NOR,TE,23,15,6,0,0,0,0,0,0,0,,0,16,15,171,11.4,1,0,0,1,,,23,38.1,41.1,30.6,,59,,TrauAd00
332,Ameer Abdullah,MIN,RB,27,16,0,0,0,0,0,0,8,42,5.25,0,9,8,58,7.25,2,0,0,2,,,22,30,30,26,,93,,AbduAm00
333,Mack Hollins,MIA,WR,27,16,2,0,0,0,0,0,0,0,,0,25,16,176,11,1,1,1,1,,,22,37.6,41.6,29.6,,131,,HollMa00
334,Jacoby Brissett,IND,QB,28,11,0,2,8,17,0,0,17,19,1.12,3,0,0,0,,0,0,0,3,,,21,20.6,20.6,20.6,,49,,BrisJa00
335,Marquez Callaway,NOR,WR,22,11,3,0,0,0,0,0,0,0,,0,27,21,213,10.14,0,0,0,0,,,21,42.3,45.3,31.8,,132,,CallMa01
336,Olabisi Johnson,MIN,WR,23,16,3,0,0,0,0,0,0,0,,0,19,14,189,13.5,0,0,0,0,1,,21,34.9,37.9,27.9,,133,,JohnOl00
337,Gunner Olszewski+,NWE,WR,24,13,2,0,0,0,0,0,5,23,4.6,0,5,5,62,12.4,1,1,0,2,,,21,25.5,25.5,23,,134,,OlszGu00
338,Ian Thomas,CAR,TE,24,16,8,0,0,0,0,0,0,0,,0,31,20,145,7.25,1,1,0,1,,,21,40.5,43.5,30.5,,61,,ThomIa00
339,Alex Collins,SEA,RB,26,3,1,0,0,0,0,0,18,77,4.28,2,2,1,4,4,0,0,0,2,,,20,21.1,21.1,20.6,,95,,CollAl00
340,Dare Ogunbowale,JAX,RB,26,14,2,0,0,0,0,0,32,145,4.53,0,20,10,54,5.4,0,0,0,0,,,20,29.9,32.9,24.9,,96,,OgunDa00
341,Kenny Stills,HOU,WR,28,10,0,0,0,0,0,0,0,0,,0,19,11,144,13.09,1,0,0,1,,,20,31.4,34.4,25.9,,135,,StilKe00
342,Antonio Williams,BUF,RB,23,1,0,0,0,0,0,0,12,63,5.25,2,1,1,20,20,0,0,0,2,,,20,21.3,21.3,20.8,,94,,WillAn03
343,Ryan Finley,CIN,QB,26,5,1,17,32,164,1,2,11,66,6,1,0,0,0,,0,0,0,1,,,19,19.2,21.2,21.2,,50,,FinlRy00
344,John Hightower,PHI,WR,24,13,4,0,0,0,0,0,1,1,1,0,29,10,167,16.7,0,0,0,0,1,,19,28.8,31.8,23.8,,137,,HighJo00
345,Jason Witten,LVR,TE,38,16,7,0,0,0,0,0,0,0,,0,17,13,69,5.31,2,0,0,2,,,19,31.9,31.9,25.4,,62,,WittJa00
346,Isaiah Wright,WAS,WR,23,14,6,0,1,0,0,0,3,16,5.33,0,35,27,197,7.3,0,3,1,0,,,19,46.3,50.3,32.8,,136,,WrigIs01
347,Cameron Batson,TEN,WR,25,12,1,0,0,0,0,0,4,20,5,0,13,12,100,8.33,1,1,0,1,,,18,30,33,24,,140,,BatsCa00
348,C.J. Ham,MIN,RB,27,15,11,0,0,0,0,0,5,18,3.6,0,13,8,97,12.13,1,0,0,1,,,18,25.5,25.5,21.5,,99,,HamxC.00
349,KhaDarel Hodge,CLE,WR,25,9,0,0,0,0,0,0,0,0,,0,17,11,180,16.36,0,0,0,0,,,18,29,32,23.5,,141,,HodgKh00
350,Ryan Izzo,NWE,TE,25,12,12,0,0,0,0,0,0,0,,0,20,13,199,15.31,0,1,1,0,,,18,30.9,34.9,24.4,,64,,IzzoRy00
351,Alshon Jeffery,PHI,WR,30,7,2,0,0,0,0,0,0,0,,0,13,6,115,19.17,1,0,0,1,,,18,23.5,26.5,20.5,,143,,JeffAl00
352,D'Ernest Johnson,CLE,RB,24,16,0,0,0,0,0,0,33,166,5.03,0,4,3,14,4.67,0,1,0,0,,,18,21,24,19.5,,98,,JohnDE04
353,Colt McCoy,NYG,QB,34,4,2,40,66,375,1,1,9,12,1.33,0,0,0,0,,0,1,1,0,,1,18,18.2,23.2,19.2,,52,,McCoCo00
354,Albert Okwuegbunam,DEN,TE,22,4,0,0,0,0,0,0,0,0,,0,15,11,121,11,1,0,0,1,,,18,29.1,32.1,23.6,,63,,OkwuAl00
355,Brandon Powell,ATL,WR,25,15,1,0,0,0,0,0,2,7,3.5,0,18,12,69,5.75,2,2,1,2,,,18,29.6,30.6,23.6,,142,,PoweBr00
356,Kalif Raymond,TEN,WR,26,15,3,0,0,0,0,0,1,-3,-3,0,15,9,187,20.78,0,0,0,0,,,18,27.4,30.4,22.9,,138,,RaymKa00
357,Mason Rudolph,PIT,QB,25,5,1,25,43,324,2,1,7,-6,-0.86,0,0,0,0,,0,0,0,0,,,18,18.4,22.4,19.4,,51,,RudoMa00
358,Equanimeous St. Brown,GNB,WR,24,12,1,0,0,0,0,0,1,7,7,0,13,7,117,16.71,1,0,0,1,,,18,25.4,28.4,21.9,,139,,St.BEq00
359,Ke'Shawn Vaughn,TAM,RB,23,10,0,0,0,0,0,0,26,109,4.19,0,10,5,34,6.8,1,1,1,1,,,18,23.3,27.3,20.8,,97,,VaugKe00
360,JJ Arcega-Whiteside,PHI,WR,24,8,0,0,0,0,0,0,0,0,,0,8,4,85,21.25,0,0,0,1,1,,17,20.5,20.5,18.5,,150,,ArceJJ00
361,Dez Bryant,BAL,WR,32,6,0,0,0,0,0,0,0,0,,0,11,6,47,7.83,2,0,0,2,,,17,22.7,22.7,19.7,,147,,BryaDe01
362,Alec Ingold,LVR,RB,24,16,4,0,0,0,0,0,3,4,1.33,0,17,12,110,9.17,1,0,0,1,,,17,29.4,32.4,23.4,,100,,IngoAl01
363,KeeSean Johnson,ARI,WR,24,8,1,0,0,0,0,0,0,0,,0,23,15,173,11.53,0,0,0,0,,,17,32.3,35.3,24.8,,144,,JohnKe07
364,Anthony McFarland Jr.,PIT,RB,21,11,0,0,0,0,0,0,33,113,3.42,0,9,6,54,9,0,0,0,0,,,17,22.7,25.7,19.7,,101,,McFaAn00
365,Jeff Smith,NYJ,WR,23,12,4,0,0,0,0,0,0,0,,0,37,17,167,9.82,0,0,0,0,,,17,33.7,36.7,25.2,,148,,SmitJe03
366,Jace Sternberger,GNB,TE,24,12,0,0,0,0,0,0,0,0,,0,15,12,114,9.5,1,0,0,1,,,17,29.4,32.4,23.4,,65,,SterJa00
367,Mike Thomas,CIN,WR,26,14,0,0,0,0,0,0,1,1,1,0,21,13,132,10.15,1,1,1,1,,,17,30.3,34.3,23.8,,145,,ThomMi04
368,Laquon Treadwell,ATL,WR,25,5,0,0,0,0,0,0,0,0,,0,7,6,49,8.17,2,0,0,2,,,17,22.9,22.9,19.9,,146,,TreaLa00
369,Quez Watkins,PHI,WR,22,6,0,0,0,0,0,0,0,0,,0,13,7,106,15.14,1,0,0,1,,,17,23.6,26.6,20.1,,149,,WatkQu00
370,Trayveon Williams,CIN,RB,23,10,0,0,0,0,0,0,26,157,6.04,0,5,5,30,6,0,1,1,0,,,17,21.7,25.7,19.2,,102,,WillTr06
371,Jamal Agnew,DET,WR,25,14,2,0,1,0,0,0,6,33,5.5,0,20,13,89,6.85,0,2,1,1,,,16,29.2,30.2,22.7,,151,,AgneJa00
372,Noah Brown,DAL,WR,24,16,1,0,0,0,0,0,1,4,4,0,24,14,154,11,0,0,0,0,,,16,29.8,32.8,22.8,,152,,BrowNo00
373,Corey Clement,PHI,RB,26,15,0,0,0,0,0,0,21,75,3.57,1,6,5,25,5,0,0,0,1,,,16,21,21,18.5,,103,,ClemCo00
374,D'Onta Foreman,TEN,RB,24,6,0,0,0,0,0,0,22,95,4.32,0,1,1,5,5,1,0,0,1,,,16,17,17,16.5,,104,,ForeDO00
375,Malcolm Perry,MIA,RB,23,9,2,0,0,0,0,0,3,5,1.67,0,13,9,92,10.22,1,1,0,1,,,16,24.7,24.7,20.2,,105,,PerrMa00
376,Lee Smith,BUF,WR,33,10,2,0,0,0,0,0,0,0,,0,6,4,35,8.75,2,0,0,2,,,16,19.5,19.5,17.5,,153,,SmitLe00
377,Nick Vannett,DEN,TE,27,15,11,0,0,0,0,0,0,0,,0,21,14,95,6.79,1,0,0,1,,,16,29.5,29.5,22.5,,67,,VannNi00
378,Maxx Williams,ARI,TE,26,9,8,0,0,0,0,0,0,0,,0,10,8,102,12.75,1,0,0,1,,,16,24.2,27.2,20.2,,66,,WillMa04
379,Reggie Bonnafon,CAR,RB,24,2,0,0,0,0,0,0,12,69,5.75,0,2,2,18,9,1,0,0,1,,,15,16.7,16.7,15.7,,109,,BonnRe00
380,Darrell Daniels,ARI,TE,26,12,8,0,0,0,0,0,0,0,,0,11,8,92,11.5,1,0,0,1,,,15,23.2,23.2,19.2,,68,,DaniDa02
381,Tyler Ervin,GNB,RB,27,8,0,0,0,0,0,0,13,67,5.15,0,15,11,84,7.64,0,0,0,0,,,15,26.1,26.1,20.6,,108,,ErviTy00
382,Blaine Gabbert,TAM,QB,31,4,0,9,16,143,2,0,9,16,1.78,0,0,0,0,,0,1,0,0,,,15,15.3,15.3,15.3,,53,,GabbBl00
383,Garrett Gilbert,DAL,QB,29,1,1,21,38,243,1,1,3,28,9.33,0,0,0,0,,0,0,0,0,,,15,14.5,15.5,15.5,,54,,GilbGa01
384,Gabe Nabers,LAC,RB,23,16,5,0,0,0,0,0,2,7,3.5,0,7,5,25,5,2,0,0,2,,,15,20.2,20.2,17.7,,106,,NabeGa00
385,Auden Tate,CIN,WR,23,9,2,0,0,0,0,0,0,0,,0,22,14,150,10.71,0,0,0,0,,,15,29,32,22,,154,,TateAu00
386,C.J. Uzomah,CIN,TE,27,2,2,0,0,0,0,0,0,0,,0,11,8,87,10.88,1,0,0,1,,,15,22.7,22.7,18.7,,69,,UzomC.00
387,T.J. Yeldon,BUF,RB,27,3,0,0,0,0,0,0,10,70,7,0,4,1,22,22,1,1,0,1,,,15,16.2,16.2,15.7,,107,,YeldT.00
388,Christian Blake,ATL,WR,24,16,0,0,0,0,0,0,0,0,,0,18,13,141,10.85,0,0,0,0,,,14,27.1,30.1,20.6,,155,,BlakCh00
389,Darrynton Evans,TEN,RB,22,5,0,0,0,0,0,0,14,54,3.86,0,4,2,27,13.5,1,0,0,1,,,14,16.1,16.1,15.1,,110,,EvanDa02
390,Troy Fumagalli,DEN,TE,25,8,0,0,0,0,0,0,0,0,,0,15,8,80,10,1,0,0,1,,,14,22,22,18,,71,,FumaTr00
391,Geoff Swaim,TEN,TE,27,10,8,0,0,0,0,0,0,0,,0,12,9,83,9.22,1,0,0,1,,,14,23.3,23.3,18.8,,70,,SwaiGe00
392,Malik Taylor,GNB,WR,25,15,1,0,0,0,0,0,1,9,9,0,6,5,66,13.2,1,0,0,1,,,14,18.5,18.5,16,,156,,TaylMa01
393,Mike Boone,MIN,RB,25,16,0,0,0,0,0,0,11,59,5.36,1,2,2,10,5,0,0,0,1,,,13,14.9,14.9,13.9,,112,,BoonMi00
394,De'Michael Harris,IND,WR,22,7,0,0,0,0,0,0,6,46,7.67,0,10,10,79,7.9,0,0,0,0,,,13,22.5,22.5,17.5,,158,,HarrDe09
395,LeSean McCoy,TAM,RB,32,10,0,0,0,0,0,0,10,31,3.1,0,19,15,101,6.73,0,0,0,0,,,13,28.2,31.2,20.7,,111,,McCoLe01
396,Ty Montgomery,NOR,WR,27,6,1,0,0,0,0,0,19,101,5.32,0,6,3,27,9,0,0,0,0,,,13,15.8,18.8,14.3,,157,,MontTy01
397,Ryan Nall,CHI,RB,25,16,0,0,0,0,0,0,3,0,0,0,9,8,67,8.38,1,0,0,1,,,13,20.7,20.7,16.7,,113,,NallRy00
398,Jarrett Stidham,NWE,QB,24,5,0,22,44,256,2,3,7,7,1,0,0,0,0,,0,0,0,0,,,13,12.9,15.9,15.9,,55,,StidJa00
399,John Wolford,LAR,QB,25,1,1,22,38,231,0,1,6,56,9.33,0,0,0,0,,0,0,0,0,,,13,12.8,13.8,13.8,,56,,WolfJo00
400,Tarik Cohen,CHI,RB,25,3,0,0,0,0,0,0,14,74,5.29,0,9,6,41,6.83,0,0,0,0,,,12,17.5,17.5,14.5,,117,,CoheTa00
401,Chase Daniel,DET,QB,34,4,0,29,43,264,1,2,2,16,8,0,0,0,0,,0,0,0,0,,,12,12.2,14.2,14.2,,57,,DaniCh00
402,Taylor Heinicke,WAS,QB,27,1,0,12,19,137,1,0,3,22,7.33,0,0,0,0,,0,0,0,0,,,12,11.7,11.7,11.7,,58,,HeinTa00
403,Chris Hogan,NYJ,WR,33,5,4,0,0,0,0,0,0,0,,0,26,14,118,8.43,0,0,0,0,,,12,25.8,28.8,18.8,,160,,HogaCh00
404,Patrick Laird,MIA,RB,25,16,0,0,0,0,0,0,13,72,5.54,0,12,10,68,6.8,0,1,1,0,,,12,22,23,17,,115,,LairPa00
405,Ray-Ray McCloud,PIT,WR,24,16,2,0,0,0,0,0,4,65,16.25,0,22,20,77,3.85,0,2,1,0,,,12,32.2,33.2,22.2,,159,,McClRa00
406,Dante Pettis,2TM,WR,25,7,1,0,0,0,0,0,0,0,,0,6,4,76,19,1,1,1,1,,,12,15.6,16.6,13.6,,161,,PettDa00
407,Troymaine Pope,LAC,RB,27,6,0,0,0,0,0,0,15,76,5.07,0,10,8,42,5.25,0,0,0,0,,,12,19.8,19.8,15.8,,116,,PopeTr00
408,DeAndre Washington,2TM,RB,27,4,1,0,0,0,0,0,31,91,2.94,0,10,5,30,6,0,0,0,0,,,12,17.1,17.1,14.6,,114,,WashDe00
409,Stephen Anderson,LAC,TE,27,16,3,0,0,0,0,0,0,0,,0,11,8,106,13.25,0,0,0,0,,,11,18.6,21.6,14.6,,75,,AndeSt01
410,Blake Bell,DAL,TE,29,16,2,0,0,0,0,0,1,2,2,0,15,11,110,10,0,0,0,0,,,11,22.2,25.2,16.7,,72,,BellBl00
411,Alex Erickson,CIN,WR,28,16,2,0,1,0,0,0,5,7,1.4,0,17,12,139,11.58,0,2,2,0,,,11,22.6,27.6,16.6,,163,,EricAl01
412,Virgil Green,LAC,TE,32,6,3,0,0,0,0,0,0,0,,0,6,3,50,16.67,1,0,0,1,,,11,14,14,12.5,,74,,GreeVi00
413,Josh Hill,NOR,TE,30,14,7,0,0,0,0,0,0,0,,0,10,8,46,5.75,1,1,0,1,,,11,18.6,18.6,14.6,,76,,HillJo02
414,Lil'Jordan Humphrey,NOR,WR,22,3,1,0,0,0,0,0,0,0,,0,5,3,46,15.33,1,0,0,1,,,11,13.6,13.6,12.1,,164,,HumpLi01
415,Brett Rypien,DEN,QB,24,3,1,27,40,295,2,4,5,-5,-1,0,0,0,0,,0,1,0,0,,,11,11.3,15.3,15.3,,59,,RypiBr00
416,Kaden Smith,NYG,TE,23,15,12,0,0,0,0,0,0,0,,0,21,18,112,6.22,0,1,0,0,,,11,29.2,32.2,20.2,,73,,SmitKa00
417,Diontae Spencer,DEN,WR,28,11,0,0,0,0,0,0,3,19,6.33,0,6,3,26,8.67,0,2,0,1,,,11,13.5,13.5,12,,165,,SpenDi00
418,J.J. Taylor,NWE,RB,22,6,0,0,0,0,0,0,23,110,4.78,0,2,1,4,4,0,0,0,0,,,11,12.4,15.4,11.9,,118,,TaylJJ01
419,Javon Wims,CHI,WR,26,13,1,0,0,0,0,0,1,2,2,0,12,6,48,8,1,0,0,1,,,11,17,17,14,,162,,WimsJa00
420,Devin Asiasi,NWE,TE,23,9,3,0,0,0,0,0,0,0,,0,7,2,39,19.5,1,0,0,1,,,10,11.9,11.9,10.9,,77,,AsiaDe00
421,C.J. Board,NYG,WR,27,14,4,0,0,0,0,0,1,3,3,0,16,11,101,9.18,0,0,0,0,,,10,21.4,24.4,15.9,,166,,BoarC.00
422,Jakob Johnson,NWE,RB,26,16,11,0,0,0,0,0,0,0,,0,9,8,35,4.38,1,1,0,1,,,10,17.5,17.5,13.5,,119,,JohnJa12
423,Vance McDonald,PIT,TE,30,14,12,0,0,0,0,0,0,0,,0,20,15,99,6.6,0,0,0,0,,,10,24.9,24.9,17.4,,78,,McDoVa00
424,Brandon Zylstra,CAR,WR,27,16,2,0,0,0,0,0,1,1,1,0,4,3,35,11.67,0,0,0,1,,,10,12.6,12.6,11.1,,167,,ZylsBr00
425,Matt Barkley,BUF,QB,30,5,0,11,21,197,1,1,6,-6,-1,0,0,0,0,,0,0,0,0,,,9,9.3,10.3,10.3,,61,,BarkMa00
426,Saquon Barkley,NYG,RB,23,2,2,0,0,0,0,0,19,34,1.79,0,9,6,60,10,0,0,0,0,,,9,15.4,15.4,12.4,,120,,BarkSa00
427,Parris Campbell,IND,WR,23,2,2,0,0,0,0,0,2,16,8,0,9,6,71,11.83,0,0,0,0,,,9,14.7,14.7,11.7,,171,,CampPa00
428,Austin Carr,NOR,WR,27,6,0,0,0,0,0,0,0,0,,0,4,3,27,9,1,0,0,1,,,9,11.7,11.7,10.2,,172,,CarrAu00
429,Tevin Coleman,SFO,RB,27,8,1,0,0,0,0,0,28,53,1.89,0,5,4,34,8.5,0,0,0,0,,,9,12.7,12.7,10.7,,122,,ColeTe01
430,Dominique Dafney,GNB,TE,23,5,2,0,0,0,0,0,0,0,,0,2,2,26,13,1,0,0,1,,,9,10.6,10.6,9.6,,79,,DafnDo00
431,Ryan Griffin,NYJ,TE,30,15,6,0,0,0,0,0,0,0,,0,12,9,86,9.56,0,0,0,0,,,9,17.6,17.6,13.1,,80,,GrifRy00
432,Austin Mack,NYG,WR,23,11,1,0,0,0,0,0,0,0,,0,11,7,91,13,0,0,0,0,,,9,16.1,16.1,12.6,,169,,MackAu01
433,Trace McSorley,BAL,QB,25,2,0,3,10,90,1,0,5,17,3.4,0,0,0,0,,0,0,0,0,,,9,9.3,9.3,9.3,,60,,McSoTr00
434,Artavis Pierce,CHI,RB,24,5,0,0,0,0,0,0,6,34,5.67,1,0,0,0,,0,0,0,1,,,9,9.4,9.4,9.4,,121,,PierAr00
435,Joe Reed,LAC,WR,22,11,0,0,0,0,0,0,5,29,5.8,1,1,0,0,,0,0,0,1,,,9,8.9,8.9,8.9,,170,,ReedJo03
436,Trent Taylor,SFO,WR,26,12,1,0,0,0,0,0,0,0,,0,21,10,86,8.6,0,0,0,0,,,9,18.6,18.6,13.6,,173,,TaylTr02
437,Tyrod Taylor,LAC,QB,31,2,1,16,30,208,0,0,6,7,1.17,0,0,0,0,,0,0,0,0,,,9,9,9,9,,62,,TaylTy00
438,P.J. Walker,CAR,QB,25,4,1,32,56,368,1,5,5,-2,-0.4,0,1,0,0,,0,1,0,0,,,9,8.5,16.5,13.5,,63,,WalkPh00
439,Justin Watson,TAM,WR,24,11,2,0,0,0,0,0,0,0,,0,11,7,94,13.43,0,0,0,0,,,9,16.4,16.4,12.9,,168,,WatsJu01
440,Reggie Gilliam,BUF,RB,23,14,0,0,0,0,0,0,0,0,,0,2,2,16,8,1,0,0,1,,,8,9.6,9.6,8.6,,126,,GillRe00
441,Justice Hill,BAL,RB,23,12,0,0,0,0,0,0,12,60,5,0,5,5,20,4,0,0,0,0,,,8,13,13,10.5,,124,,HillJu00
442,Jake Kumerow,BUF,WR,28,6,0,0,0,0,0,0,0,0,,0,1,1,22,22,1,0,0,1,,,8,9.2,9.2,8.7,,174,,KumeJa00
443,C.J. Prosise,HOU,RB,26,10,0,0,0,0,0,0,10,19,1.9,0,5,5,18,3.6,1,1,1,1,,,8,12.7,13.7,10.2,,125,,ProsC.00
444,Patrick Ricard*,BAL,RB,26,15,10,0,0,0,0,0,1,-1,-1,0,12,9,45,5,1,1,1,1,,,8,17.4,18.4,12.9,,123,,RicaPa00
445,Chris Streveler,ARI,QB,25,5,0,11,16,105,1,1,4,15,3.75,0,0,0,0,,0,1,0,0,,,8,7.7,8.7,8.7,,64,,StreCh00
446,Pharoh Cooper,CAR,WR,25,16,1,0,0,0,0,0,0,0,,0,8,5,73,14.6,0,1,0,0,,,7,12.3,12.3,9.8,,175,,CoopPh00
447,Ben DiNucci,DAL,QB,24,3,1,23,43,219,0,0,6,22,3.67,0,0,0,0,,0,4,2,0,,,7,7,9,7,,65,,DiNuBe00
448,Buddy Howell,HOU,RB,24,14,0,0,0,0,0,0,16,64,4,0,2,1,3,3,0,0,0,0,,,7,7.7,7.7,7.2,,130,,HoweGr00
449,Jaylen Samuels,PIT,RB,24,14,1,0,0,0,0,0,9,28,3.11,0,14,9,46,5.11,0,0,0,0,,,7,16.4,16.4,11.9,,127,,SamuJa00
450,Anthony Sherman,KAN,RB,32,13,1,0,0,0,0,0,3,8,2.67,0,2,1,5,5,1,0,0,1,,,7,8.3,8.3,7.8,,128,,SherAn00
451,Keith Smith,ATL,RB,28,16,7,0,0,0,0,0,4,7,1.75,0,15,11,59,5.36,0,0,0,0,,,7,17.6,17.6,12.1,,131,,SmitKe03
452,Courtland Sutton,DEN,WR,25,1,1,0,0,0,0,0,0,0,,0,6,3,66,22,0,0,0,0,,,7,9.6,9.6,8.1,,176,,SuttCo00
453,Colin Thompson,CAR,TE,27,15,4,0,0,0,0,0,0,0,,0,2,1,7,7,1,0,0,1,,,7,7.7,7.7,7.2,,81,,ThomCo03
454,Jonathan Ward,ARI,RB,23,14,0,0,0,0,0,0,0,0,,0,1,1,11,11,1,0,0,1,,,7,8.1,8.1,7.6,,129,,WardJo00
455,Ja'Marcus Bradley,CLE,WR,24,3,1,0,0,0,0,0,0,0,,0,11,5,60,12,0,0,0,0,,,6,11,11,8.5,,180,,BradJa01
456,Tyrie Cleveland,DEN,WR,23,10,0,0,0,0,0,0,0,0,,0,9,6,63,10.5,0,0,0,0,,,6,12.3,12.3,9.3,,178,,ClevTy00
457,Jason Croom,PHI,TE,26,4,0,0,0,0,0,0,0,0,,0,1,1,3,3,1,0,0,1,,,6,7.3,7.3,6.8,,82,,CrooJa00
458,Ashton Dulin,IND,WR,23,13,0,0,0,0,0,0,2,11,5.5,0,6,3,53,17.67,0,1,0,0,,,6,9.4,9.4,7.9,,177,,DuliAs00
459,Marlon Mack,IND,RB,24,1,1,0,0,0,0,0,4,26,6.5,0,3,3,30,10,0,0,0,0,,,6,8.6,8.6,7.1,,133,,MackMa00
460,Jaydon Mickens,TAM,WR,26,10,0,0,0,0,0,0,0,0,,0,10,7,58,8.29,0,0,0,0,,,6,12.8,12.8,9.3,,182,,MickJa01
461,Steven Mitchell,HOU,WR,26,6,1,0,0,0,0,0,0,0,,0,8,5,60,12,0,0,0,0,,,6,11,11,8.5,,181,,MitcSt02
462,Damion Ratley,NYG,WR,25,5,0,0,0,0,0,0,0,0,,0,10,4,63,15.75,0,1,0,0,,,6,10.3,10.3,8.3,,179,,RatlDa00
463,Theo Riddick,LVR,RB,29,4,0,0,0,0,0,0,6,14,2.33,0,6,5,43,8.6,0,0,0,0,,,6,10.7,10.7,8.2,,132,,RiddTh00
464,Luke Stocker,ATL,TE,32,16,13,0,0,0,0,0,0,0,,0,11,7,63,9,0,0,0,0,,,6,13.3,13.3,9.8,,83,,StocLu00
465,Jordan Thomas,2TM,TE,24,6,0,0,0,0,0,0,0,0,,0,2,1,3,3,1,0,0,1,,,6,7.3,7.3,6.8,,84,,ThomJo05
466,Michael Burton,NOR,RB,28,15,4,0,0,0,0,0,7,18,2.57,0,4,4,28,7,0,0,0,0,,,5,8.6,8.6,6.6,,136,,BurtMi00
467,Trenton Cannon,CAR,RB,26,14,0,0,0,0,0,0,10,33,3.3,0,3,3,16,5.33,0,0,0,0,,,5,7.9,7.9,6.4,,135,,CannTr00
468,Cethan Carter,CIN,TE,25,15,5,0,0,0,0,0,0,0,,0,7,5,53,10.6,0,0,0,0,,,5,10.3,10.3,7.8,,85,,CartCe00
469,Demetrius Harris,CHI,TE,29,15,5,0,0,0,0,0,0,0,,0,14,7,45,6.43,0,0,0,0,,,5,11.5,11.5,8,,89,,HarrDe03
470,Dontrell Hilliard,2TM,RB,25,7,0,0,0,0,0,0,9,48,5.33,0,1,1,2,2,0,0,0,0,,,5,6,6,5.5,,134,,HillDo00
471,K.J. Hill,LAC,WR,23,15,0,0,0,0,0,0,0,0,,0,11,7,73,10.43,0,1,1,0,,,5,12.3,13.3,8.8,,183,,HillKJ00
472,Chris Manhertz,CAR,TE,28,16,12,0,0,0,0,0,0,0,,0,8,6,52,8.67,0,0,0,0,,,5,11.2,11.2,8.2,,87,,ManhCh00
473,Johnny Mundt,LAR,TE,26,16,1,0,0,0,0,0,0,0,,0,4,4,53,13.25,0,0,0,0,,,5,9.3,9.3,7.3,,86,,MundJo00
474,Trent Sherfield,ARI,WR,24,15,1,0,0,0,0,0,0,0,,0,7,5,50,10,0,0,0,0,,,5,10,10,7.5,,185,,SherTr00
475,Levine Toilolo,NYG,TE,29,16,2,0,0,0,0,0,0,0,,0,6,5,46,9.2,0,0,0,0,,,5,9.6,9.6,7.1,,88,,ToilLe00
476,Nick Westbrook-Ikhine,TEN,WR,23,14,1,0,0,0,0,0,0,0,,0,8,3,33,11,0,0,0,0,1,,5,8.3,8.3,6.8,,184,,WestNi00
477,Isaiah Zuber,NWE,WR,23,4,0,0,0,0,0,0,2,21,10.5,0,2,2,29,14.5,0,0,0,0,,,5,7,7,6,,186,,ZubeIs00
478,Khari Blasingame,TEN,RB,24,15,7,0,0,0,0,0,0,0,,0,5,4,39,9.75,0,0,0,0,,,4,7.9,7.9,5.9,,138,,BlasKh00
479,Hunter Bryant,DET,TE,22,5,0,0,0,0,0,0,0,0,,0,3,1,44,44,0,0,0,0,,,4,5.4,5.4,4.9,,90,,BryaHu02
480,Lawrence Cager,NYJ,WR,23,2,1,0,0,0,0,0,0,0,,0,6,2,35,17.5,0,0,0,0,,,4,5.5,5.5,4.5,,191,,CageLa01
481,River Cracraft,SFO,WR,26,9,1,0,0,0,0,0,0,0,,0,9,6,41,6.83,0,0,0,0,,,4,10.1,10.1,7.1,,187,,CracRi00
482,Robert Foster,WAS,WR,26,4,2,0,0,0,0,0,0,0,,0,6,2,37,18.5,0,0,0,0,,,4,5.7,5.7,4.7,,190,,FostRo01
483,Ted Ginn Jr.,CHI,WR,35,6,0,0,0,0,0,0,0,0,,0,6,3,40,13.33,0,1,0,0,,,4,7,7,5.5,,188,,GinnTe00
484,Terry Godwin,JAX,WR,24,3,0,0,0,0,0,0,1,3,3,0,6,3,32,10.67,0,0,0,0,,,4,6.5,6.5,5,,192,,GodwTe00
485,Tanner Hudson,TAM,TE,26,11,0,0,0,0,0,0,0,0,,0,7,3,41,13.67,0,0,0,0,,,4,7.1,7.1,5.6,,92,,HudsTa00
486,Juwan Johnson,NOR,TE,24,7,4,0,0,0,0,0,0,0,,0,10,4,39,9.75,0,0,0,0,,,4,7.9,7.9,5.9,,93,,JohnJu02
487,Nick Keizer,KAN,TE,25,16,3,0,0,0,0,0,0,0,,0,9,6,63,10.5,0,1,1,0,,,4,10.3,11.3,7.3,,91,,KeizNi00
488,Devine Ozigbo,JAX,RB,24,8,0,0,0,0,0,0,1,1,1,0,9,9,42,4.67,0,0,0,0,,,4,13.3,13.3,8.8,,137,,OzigDe01
489,Elijhaa Penny,NYG,RB,27,14,0,0,0,0,0,0,6,15,2.5,0,3,2,20,10,0,0,0,0,,,4,5.5,5.5,4.5,,139,,PennEl00
490,Riley Ridley,CHI,WR,24,5,1,0,0,0,0,0,0,0,,0,4,4,39,9.75,0,0,0,0,,,4,7.9,7.9,5.9,,189,,RidlRi00
491,Kahale Warring,HOU,TE,23,7,0,0,0,0,0,0,0,0,,0,7,3,35,11.67,0,0,0,0,,,4,6.5,6.5,5,,96,,WarrKa00
492,Charlie Woerner,SFO,TE,23,14,0,0,0,0,0,0,0,0,,0,4,3,36,12,0,0,0,0,,,4,6.6,6.6,5.1,,94,,WoerCh00
493,Deon Yelder,KAN,TE,25,14,1,0,0,0,0,0,0,0,,0,11,7,36,5.14,0,0,0,0,,,4,10.6,10.6,7.1,,95,,YeldDe00
494,Alex Armah,CAR,RB,26,16,1,0,0,0,0,0,6,9,1.5,0,9,5,18,3.6,0,0,0,0,,,3,7.7,7.7,5.2,,143,,ArmaAl00
495,Daniel Brown,NYJ,WR,28,16,1,0,0,0,0,0,0,0,,0,2,2,31,15.5,0,0,0,0,,,3,5.1,5.1,4.1,,193,,BrowDa04
496,Stephen Carlson,CLE,TE,24,16,2,0,0,0,0,0,0,0,,0,2,1,11,11,0,0,0,0,1,,3,4.1,4.1,3.6,,97,,CarlSt00
497,Ben Ellefson,JAX,TE,24,7,4,0,0,0,0,0,0,0,,0,4,1,10,10,0,0,0,0,1,,3,4,4,3.5,,98,,ElleBe00
498,Antonio Gandy-Golden,WAS,WR,22,6,2,0,0,0,0,0,1,22,22,0,7,1,3,3,0,0,0,0,,,3,3.5,3.5,3,,197,,GandAn00
499,Jaeden Graham,ATL,TE,25,16,0,0,0,0,0,0,0,0,,0,5,3,25,8.33,0,0,0,0,,,3,5.5,5.5,4,,99,,GrahJa01
500,Robert Griffin III,BAL,QB,30,4,1,8,14,42,0,2,12,69,5.75,0,0,0,0,,0,1,1,0,,,3,2.6,5.6,4.6,,67,,GrifRo01
501,Tyler Huntley,BAL,QB,22,2,0,3,5,15,0,0,10,23,2.3,0,0,0,0,,0,0,0,0,,,3,2.9,2.9,2.9,,66,,HuntTy01
502,Josh Malone,NYJ,WR,24,4,0,0,0,0,0,0,1,12,12,0,6,4,16,4,0,0,0,0,,,3,6.8,6.8,4.8,,195,,MaloJo00
503,Rashaad Penny,SEA,RB,24,3,0,0,0,0,0,0,11,34,3.09,0,0,0,0,,0,0,0,0,,,3,3.4,3.4,3.4,,140,,PennRa00
504,Seth Roberts,CAR,WR,29,7,1,0,0,0,0,0,0,0,,0,6,4,31,7.75,0,0,0,0,,,3,7.1,7.1,5.1,,194,,RobeSe00
505,Bo Scarbrough,SEA,RB,26,1,0,0,0,0,0,0,6,31,5.17,0,0,0,0,,0,0,0,0,,,3,3.1,3.1,3.1,,141,,ScarBo01
506,Darrius Shepherd,GNB,WR,25,8,0,0,0,0,0,0,0,0,,0,8,5,46,9.2,0,1,1,0,,,3,7.6,8.6,5.1,,196,,ShepDa00
507,Austin Walter,SFO,RB,24,4,0,0,0,0,0,0,1,3,3,0,1,1,27,27,0,0,0,0,,,3,4,4,3.5,,142,,WaltAu00
508,LeVante Bellamy,DEN,RB,24,5,0,0,0,0,0,0,4,11,2.75,0,1,1,5,5,0,0,0,0,,,2,2.6,2.6,2.1,,147,,BellLe02
509,David Blough,DET,QB,25,1,0,6,10,49,0,1,1,18,18,0,0,0,0,,0,0,0,0,,,2,1.8,2.8,2.8,,74,,BlouDa00
510,Deontay Burnett,PHI,WR,23,2,0,0,0,0,0,0,0,0,,0,4,3,19,6.33,0,0,0,0,,,2,4.9,4.9,3.4,,201,,BurnDe00
511,Antonio Callaway,MIA,WR,23,5,1,0,0,0,0,0,0,0,,0,4,2,20,10,0,0,0,0,,,2,4,4,3,,200,,CallAn00
512,Joshua Dobbs,PIT,QB,25,1,0,4,5,2,0,0,2,20,10,0,0,0,0,,0,0,0,0,,,2,2.1,2.1,2.1,,70,,DobbJo00
513,Rico Dowdle,DAL,RB,22,15,0,0,0,0,0,0,7,24,3.43,0,0,0,0,,0,0,0,0,,,2,2.4,2.4,2.4,,144,,DowdRi01
514,Daurice Fountain,IND,WR,25,5,0,0,0,0,0,0,0,0,,0,3,2,23,11.5,0,0,0,0,,,2,4.3,4.3,3.3,,198,,FounDa00
515,Penny Hart,SEA,WR,24,13,0,0,0,0,0,0,1,19,19,0,1,1,3,3,0,0,0,0,,,2,3.2,3.2,2.7,,199,,HartPe01
516,Brian Hoyer,NWE,QB,35,1,1,15,24,130,0,1,1,8,8,0,0,0,0,,0,1,1,0,,,2,2,4,3,,71,,HoyeBr00
517,Jason Huntley,PHI,RB,22,5,0,0,0,0,0,0,5,19,3.8,0,2,1,0,0,0,0,0,0,,,2,2.9,2.9,2.4,,145,,HuntJa01
518,Andy Janovich,CLE,RB,27,14,3,0,0,0,0,0,2,4,2,0,5,2,13,6.5,0,0,0,0,,,2,3.7,3.7,2.7,,146,,JanoAn00
519,Case Keenum,CLE,QB,32,2,0,5,10,46,0,0,0,0,,0,0,0,0,,0,0,0,0,,,2,1.8,1.8,1.8,,73,,KeenCa00
520,Dalton Keene,NWE,TE,21,6,0,0,0,0,0,0,0,0,,0,5,3,16,5.33,0,1,0,0,,,2,4.6,4.6,3.1,,100,,KeenDa00
521,Tommylee Lewis,NOR,WR,28,5,0,0,0,0,0,0,2,14,7,0,3,1,5,5,0,0,0,0,,,2,2.9,2.9,2.4,,202,,LewiTo00
522,Donte Moncrief,NWE,WR,27,6,0,0,0,0,0,0,1,4,4,0,2,1,15,15,0,0,0,0,,,2,2.9,2.9,2.4,,203,,MoncDo00
523,Colby Parkinson,SEA,TE,21,6,0,0,0,0,0,0,0,0,,0,2,2,16,8,0,0,0,0,,,2,3.6,3.6,2.6,,101,,ParkCo02
524,Nathan Peterman,LVR,QB,26,1,0,3,5,25,0,0,1,9,9,0,0,0,0,,0,0,0,0,,,2,1.9,1.9,1.9,,72,,PeteNa00
525,Scottie Phillips,HOU,RB,23,8,0,0,0,0,0,0,2,9,4.5,0,1,1,7,7,0,0,0,0,,,2,2.6,2.6,2.1,,148,,PhilSc01
526,John Ross,CIN,WR,25,3,1,0,0,0,0,0,0,0,,0,7,2,17,8.5,0,0,0,0,,,2,3.7,3.7,2.7,,204,,RossJo00
527,Eric Saubert,JAX,TE,26,8,4,0,0,0,0,0,0,0,,0,4,3,16,5.33,0,0,0,0,,,2,4.6,4.6,3.1,,102,,SaubEr00
528,Jaleel Scott,NYJ,WR,25,1,1,0,0,0,0,0,0,0,,0,1,1,16,16,0,0,0,0,,,2,2.6,2.6,2.1,,205,,ScotJa02
529,Tommy Stevens,CAR,QB,24,1,0,0,0,0,0,0,4,24,6,0,0,0,0,,0,0,0,0,,,2,2.4,2.4,2.4,,68,,StevTo01
530,Dwayne Washington,NOR,RB,26,11,0,0,0,0,0,0,8,15,1.88,0,0,0,0,,0,0,0,0,,,2,1.5,1.5,1.5,,149,,WashDw00
531,Jameis Winston,NOR,QB,26,4,0,7,11,75,0,0,8,-6,-0.75,0,0,0,0,,0,0,0,0,,,2,2.4,2.4,2.4,,69,,WinsJa00
532,Nick Bellore*,SEA,RB,31,16,0,0,0,0,0,0,1,5,5,0,1,1,9,9,0,0,0,0,,,1,2.4,2.4,1.9,,150,,BellNi01
533,Tyler Bray,CHI,QB,29,1,0,1,5,18,0,0,0,0,,0,0,0,0,,0,0,0,0,,,1,0.7,0.7,0.7,,78,,BrayTy00
534,Jake Butt,DEN,TE,25,5,1,0,0,0,0,0,0,0,,0,4,2,5,2.5,0,0,0,0,,,1,2.5,2.5,1.5,,111,,ButtJa00
535,Derek Carrier,LVR,TE,30,16,0,0,0,0,0,0,0,0,,0,1,1,14,14,0,0,0,0,,,1,2.4,2.4,1.9,,103,,CarrDe00
536,Chandler Cox,MIA,RB,24,8,3,0,0,0,0,0,0,0,,0,2,2,9,4.5,0,0,0,0,,,1,2.9,2.9,1.9,,152,,CoxxCh01
537,Josiah Deguara,GNB,TE,23,2,1,0,0,0,0,0,0,0,,0,2,1,12,12,0,0,0,0,,,1,2.2,2.2,1.7,,104,,DeguJo00
538,Gehrig Dieter,KAN,WR,27,4,0,0,0,0,0,0,0,0,,0,2,1,10,10,0,0,0,0,,,1,2,2,1.5,,212,,DietGe00
539,Brandon Dillon,MIN,TE,23,3,0,0,0,0,0,0,0,0,,0,1,1,6,6,0,0,0,0,,,1,1.6,1.6,1.1,,108,,DillBr00
540,D.J. Foster,ARI,RB,27,10,0,0,0,0,0,0,2,2,1,0,1,1,7,7,0,0,0,0,,,1,1.9,1.9,1.4,,153,,FostD.01
541,Bennie Fowler,NOR,WR,29,5,0,0,0,0,0,0,0,0,,0,6,2,11,5.5,0,0,0,0,,,1,3.1,3.1,2.1,,210,,FowlBe00
542,Cullen Gillaspia,HOU,RB,25,7,0,0,0,0,0,0,0,0,,0,1,1,6,6,0,0,0,0,,,1,1.6,1.6,1.1,,157,,GillCu00
543,Temarrick Hemingway,WAS,TE,27,8,0,0,0,0,0,0,0,0,,0,2,1,10,10,0,0,0,0,,,1,2,2,1.5,,107,,HemiTe00
544,Cody Hollister,TEN,WR,27,2,0,0,0,0,0,0,0,0,,0,1,1,12,12,0,0,0,0,,,1,2.2,2.2,1.7,,209,,HollCo00
545,Trenton Irwin,CIN,WR,25,1,0,0,0,0,0,0,0,0,,0,2,1,5,5,0,0,0,0,,,1,1.5,1.5,1,,213,,IrwiTr00
546,Blake Jarwin,DAL,TE,26,1,1,0,0,0,0,0,0,0,,0,1,1,12,12,0,0,0,0,,,1,2.2,2.2,1.7,,105,,JarwBl00
547,Tony Jones,NOR,RB,23,1,1,0,0,0,0,0,3,13,4.33,0,0,0,0,,0,0,0,0,,,1,1.3,1.3,1.3,,151,,JoneTo04
548,Marcus Kemp,2TM,WR,25,11,0,0,0,0,0,0,0,0,,0,1,1,11,11,0,0,0,0,,,1,2.1,2.1,1.6,,211,,KempMa00
549,Keith Kirkwood,CAR,WR,26,1,0,0,0,0,0,0,0,0,,0,2,1,13,13,0,0,0,0,,,1,2.3,2.3,1.8,,207,,KirkKe00
550,John Lovett,GNB,TE,24,8,0,0,0,0,0,0,3,6,2,0,0,0,0,,0,0,0,0,,,1,0.6,0.6,0.6,,109,,LoveJo02
551,A.J. McCarron,HOU,QB,30,2,0,1,1,20,0,0,0,0,,0,0,0,0,,0,0,0,0,,,1,0.8,0.8,0.8,,77,,McCaA.00
552,Lamar Miller,CHI,RB,29,1,0,0,0,0,0,0,0,0,,0,2,2,6,3,0,0,0,0,,,1,2.6,2.6,1.6,,158,,MillLa01
553,Senorise Perry,TEN,RB,29,7,0,0,0,0,0,0,2,9,4.5,0,0,0,0,,0,0,0,0,,,1,0.9,0.9,0.9,,154,,PerrSe00
554,James Proche,BAL,WR,24,14,0,0,0,0,0,0,0,0,,0,3,1,14,14,0,0,0,0,,,1,2.4,2.4,1.9,,206,,ProcJa00
555,Craig Reynolds,JAX,RB,24,2,0,0,0,0,0,0,1,4,4,0,1,1,3,3,0,0,0,0,,,1,1.7,1.7,1.2,,156,,ReynCr00
556,Geno Smith,SEA,QB,30,1,0,4,5,33,0,0,2,-2,-1,0,0,0,0,,0,1,0,0,,,1,1.1,1.1,1.1,,76,,SmitGe00
557,Vyncint Smith,NYJ,WR,24,7,0,0,0,0,0,0,0,0,,0,3,1,13,13,0,0,0,0,,,1,2.3,2.3,1.8,,208,,SmitVy00
558,Jeremy Sprinkle,WAS,TE,26,16,6,0,0,0,0,0,0,0,,0,3,1,6,6,0,0,0,0,,,1,1.6,1.6,1.1,,110,,SpriJe00
559,Trevon Wesco,NYJ,TE,25,12,4,0,0,0,0,0,1,0,0,0,2,1,5,5,0,0,0,0,,,1,1.5,1.5,1,,112,,WescTr00
560,Dexter Williams,GNB,RB,23,3,0,0,0,0,0,0,2,8,4,0,0,0,0,,0,0,0,0,,,1,0.8,0.8,0.8,,155,,WillDe07
561,Jonathan Williams,DET,RB,26,5,0,0,0,0,0,0,1,5,5,0,4,4,21,5.25,0,1,1,0,,,1,4.6,5.6,2.6,,159,,WillJo07
562,Luke Willson,2TM,TE,30,8,0,0,0,0,0,0,0,0,,0,3,1,12,12,0,0,0,0,,,1,2.2,2.2,1.7,,106,,WillLu00
563,Logan Woodside,TEN,QB,25,6,0,1,3,7,0,0,7,10,1.43,0,0,0,0,,0,0,0,0,,,1,1.3,1.3,1.3,,75,,WoodLo00
564,Antony Auclair,TAM,,27,8,2,0,0,0,0,0,0,0,,0,1,0,0,,0,,0,0,,,,,,,,115,,AuclAn00
565,Tavon Austin,GNB,WR,30,4,0,0,0,0,0,0,0,0,,0,5,5,20,4,0,1,1,0,,,,5,6,2.5,,215,,AustTa00
566,Alex Bachman,NYG,,24,1,0,0,0,0,0,0,0,0,,0,0,0,0,,0,,0,0,,,,,,,,216,,BachAl00
567,Jeff Badet,WAS,,26,3,0,0,0,0,0,0,0,0,,0,1,0,0,,0,,0,0,,,,,,,,217,,BadeJe00
568,Jake Bargas,MIN,,24,1,0,0,0,0,0,0,0,0,,0,0,0,0,,0,,0,0,,,,,,,,163,,BargJa00
569,Kenjon Barner,TAM,,31,6,0,0,0,0,0,0,0,0,,0,1,0,0,,0,0,0,0,,,,,,,,164,,BarnKe00
570,Marcus Baugh,WAS,TE,26,8,1,0,0,0,0,0,0,0,,0,1,1,2,2,0,0,0,0,,,,1.2,1.2,0.7,,114,,BaugMa02
571,Evan Baylis,ARI,,27,5,1,0,0,0,0,0,0,0,,0,0,0,0,,0,,0,0,,,,,,,,116,,BaylEv00
572,Andrew Beck,DEN,,24,10,0,0,0,0,0,0,0,0,,0,0,0,0,,0,,0,0,,,,,,,,117,,BeckAn01
573,Nate Becker,BUF,,24,1,0,0,0,0,0,0,0,0,,0,0,0,0,,0,,0,0,,,,,,,,118,,BeckNa00
574,Reggie Begelton,GNB,,27,1,0,0,0,0,0,0,0,0,,0,0,0,0,,0,,0,0,,,,,,,,218,,BegeRe00
575,Rashod Berry,NWE,,24,3,0,0,0,0,0,0,0,0,,0,0,0,0,,0,,0,0,,,,,,,,119,,BerrRa01
576,Darius Bradwell,LAC,,23,2,0,0,0,0,0,0,0,0,,0,0,0,0,,0,,0,0,,,,,,,,165,,BradDa00
577,Tony Brooks-James,ATL,RB,26,1,0,0,0,0,0,0,3,4,1.33,0,0,0,0,,0,0,0,0,,,,0.4,0.4,0.4,,160,,BrooTo01
578,Fred Brown,DEN,,27,1,0,0,0,0,0,0,0,0,,0,0,0,0,,0,,0,0,,,,,,,,219,,BrowFr01
579,Tony Brown,WAS,,23,1,0,0,0,0,0,0,0,0,,0,0,0,0,,0,,0,0,,,,,,,,220,,BrowTo03
580,Deante Burton,DAL,,26,4,0,0,0,0,0,0,0,0,,0,0,0,0,,0,,0,0,,,,,,,,221,,BurtDe00
581,Hakeem Butler,PHI,,24,2,0,0,0,0,0,0,0,0,,0,1,0,0,,0,,0,0,,,,,,,,222,,ButlHa00
582,Deon Cain,PIT,,24,2,0,0,0,0,0,0,0,0,,0,0,0,0,,0,,0,0,,,,,,,,223,,CainDe00
583,Raymond Calais,LAR,,22,4,0,0,0,0,0,0,0,0,,0,0,0,0,,0,0,0,0,,,,,,,,166,,CalaRa00
584,Dan Chisena,MIN,,23,14,0,0,0,0,0,0,0,0,,0,0,0,0,,0,0,0,0,,,,,,,,224,,ChisDa00
585,Matt Cole,SFO,,24,1,0,0,0,0,0,0,0,0,,0,0,0,0,,0,,0,0,,,,,,,,225,,ColeMa03
586,Nathan Cottrell,JAX,,24,8,0,0,0,0,0,0,0,0,,0,0,0,0,,0,0,0,0,,,,,,,,167,,CottNa00
587,Isaiah Coulter,HOU,,22,1,0,0,0,0,0,0,0,0,,0,0,0,0,,0,,0,0,,,,,,,,226,,CoulIs00
588,Jeremy Cox,DEN,,24,7,1,0,0,0,0,0,0,0,,0,0,0,0,,0,,0,0,,,,,,,,168,,CoxxJe00
589,Sean Culkin,BAL,,27,1,0,0,0,0,0,0,0,0,,0,0,0,0,,0,,0,0,,,,,,,,120,,CulkSe00
590,Tyler Davis,JAX,,23,8,0,0,0,0,0,0,0,0,,0,2,0,0,,0,,0,0,,,,,,,,121,,DaviTy02
591,Seth Devalve,ARI,,27,4,0,0,0,0,0,0,0,0,,0,1,0,0,,0,0,0,0,,,,,,,,122,,DevaSe00
592,Keelan Doss,LVR,,24,1,0,0,0,0,0,0,0,0,,0,0,0,0,,0,,0,0,,,,,,,,227,,DossKe00
593,Trey Edmunds,PIT,,26,4,0,0,0,0,0,0,0,0,,0,0,0,0,,0,,0,0,,,,,,,,169,,EdmuTr00
594,Rico Gafford,LVR,,24,3,0,0,0,0,0,0,0,0,,0,2,0,0,,0,0,0,0,,,,,,,,228,,GaffRi00
595,Zach Gentry,PIT,,24,2,1,0,0,0,0,0,0,0,,0,0,0,0,,0,,0,0,,,,,,,,123,,GentZa00
596,Cyril Grayson,TAM,,27,3,0,0,0,0,0,0,0,0,,0,3,0,0,,0,0,0,0,,,,,,,,229,,GrayCy01
597,Farrod Green,IND,,23,1,0,0,0,0,0,0,0,0,,0,0,0,0,,0,,0,0,,,,,,,,124,,GreeFa00
598,Garrett Griffin,NOR,,26,4,3,0,0,0,0,0,0,0,,0,0,0,0,,0,,0,0,,,,,,,,125,,GrifGa00
599,Justin Hardee,NOR,,26,10,0,0,0,0,0,0,0,0,,0,0,0,0,,0,,0,0,,,,,,,,230,,HardJu01
600,Clark Harris,CIN,,36,16,0,0,0,0,0,0,0,0,,0,0,0,0,,0,,0,0,,,,,,,,126,,HarrCl20
601,Daniel Helm,SFO,,25,5,0,0,0,0,0,0,0,0,,0,0,0,0,,0,,0,0,,,,,,,,127,,HelmDa01
602,Hale Hentges,MIN,,24,1,0,0,0,0,0,0,0,0,,0,0,0,0,,0,,0,0,,,,,,,,128,,HentHa00
603,J.P. Holtz,CHI,,27,16,1,0,0,0,0,0,0,0,,0,1,0,0,,0,0,0,0,,,,,,,,129,,HoltJ.01
604,Johnny Holton,NYG,,30,1,0,0,0,0,0,0,0,0,,0,0,0,0,,0,,0,0,,,,,,,,231,,HoltJo00
605,Brycen Hopkins,LAR,,23,5,0,0,0,0,0,0,0,0,,0,0,0,0,,0,,0,0,,,,,,,,130,,HopkBr01
606,Taiwan Jones,BUF,,32,13,0,0,0,0,0,0,0,0,,0,2,0,0,,0,,0,0,,,,,,,,170,,JoneTa00
607,Xavier Jones,LAR,,23,13,0,0,0,0,0,0,0,0,,0,0,0,0,,0,0,0,0,,,,,,,,171,,JoneXa00
608,Javon Leake,WAS,,22,1,0,0,0,0,0,0,0,0,,0,0,0,0,,0,,0,0,,,,,,,,172,,LeakJa01
609,Jordan Matthews,SFO,,28,2,0,0,0,0,0,0,0,0,,0,0,0,0,,0,,0,0,,,,,,,,232,,MattJo00
610,Sean McKeon,DAL,,23,14,1,0,0,0,0,0,0,0,,0,0,0,0,,0,,0,0,,,,,,,,131,,McKeSe01
611,Kirk Merritt,MIA,,23,1,0,0,0,0,0,0,0,0,,0,0,0,0,,0,0,0,0,,,,,,,,233,,MerrKi00
612,Marken Michel,CAR,,27,2,0,0,0,0,0,0,0,0,,0,0,0,0,,0,,0,0,,,,,,,,234,,MichMa00
613,Bruce Miller,JAX,RB,33,8,5,0,0,0,0,0,0,0,,0,2,1,2,2,0,0,0,0,,,,1.2,1.2,0.7,,162,,MillBr02
614,Chris Moore,BAL,,27,3,0,0,0,0,0,0,0,0,,0,0,0,0,,0,,0,0,,,,,,,,235,,MoorCh00
615,Jason Moore,LAC,,25,2,0,0,0,0,0,0,0,0,,0,0,0,0,,0,,0,0,,,,,,,,236,,MoorJa02
616,Stanley Morgan Jr.,CIN,,24,6,0,0,0,0,0,0,0,0,,0,0,0,0,,0,,0,0,,,,,,,,237,,MorgSt02
617,Chris Myarick,MIA,,25,3,0,0,0,0,0,0,0,0,,0,0,0,0,,0,,0,0,,,,,,,,132,,MyarCh00
618,Jojo Natson,CLE,WR,26,3,0,0,0,0,0,0,1,3,3,0,0,0,0,,0,0,0,0,,,,0.3,0.3,0.3,,214,,NatsJo00
619,Isaac Nauta,DET,TE,23,7,0,0,0,0,0,0,0,0,,0,2,1,3,3,0,0,0,0,,,,1.3,1.3,0.8,,113,,NautIs00
620,Qadree Ollison,ATL,RB,24,3,0,0,0,0,0,0,1,3,3,0,0,0,0,,0,0,0,0,,,,0.3,0.3,0.3,,161,,OlliQa00
621,Sewo Olonilua,DAL,,23,2,0,0,0,0,0,0,0,0,,0,0,0,0,,0,,0,0,,,,,,,,173,,OlonSe01
622,K.J. Osborn,MIN,,23,9,0,0,0,0,0,0,0,0,,0,0,0,0,,0,2,0,0,,,,,,,,238,,OsboKJ00
623,Dezmon Patmon,IND,,22,1,0,0,0,0,0,0,0,0,,0,0,0,0,,0,,0,0,,,,,,,,239,,PatmDe00
624,Trey Quinn,JAX,,25,1,0,0,0,0,0,0,0,0,,0,0,0,0,,0,0,0,0,,,,,,,,240,,QuinTr00
625,Kevin Rader,PIT,,25,1,1,0,0,0,0,0,0,0,,0,1,0,0,,0,,0,0,,,,,,,,133,,RadeKe00
626,Chris Rowland,ATL,,23,2,0,0,0,0,0,0,0,0,,0,0,0,0,,0,0,0,0,,,,,,,,241,,RowlCh00
627,Matt Schaub,ATL,QB,39,1,0,0,0,0,0,0,3,-4,-1.33,0,0,0,0,,0,0,0,0,,,,-0.4,-0.4,-0.4,,80,,SchaMa00
628,Mason Schreck,CIN,,27,14,1,0,0,0,0,0,0,0,,0,1,0,0,,0,,0,0,,,,,,,,134,,SchrMa00
629,Ricky Seals-Jones,KAN,,25,2,0,0,0,0,0,0,0,0,,0,1,0,0,,0,,0,0,,,,,,,,135,,SealRi00
630,Tajae Sharpe,MIN,,26,4,0,0,0,0,0,0,0,0,,0,3,0,0,,0,,0,0,,,,,,,,242,,SharTa00
631,Matthew Slater*,NWE,,35,16,0,0,0,0,0,0,0,0,,0,0,0,0,,0,,0,0,,,,,,,,243,,SlatMa00
632,Wendell Smallwood,PIT,,26,1,0,0,0,0,0,0,0,0,,0,0,0,0,,0,,0,0,,,,,,,,174,,SmalWe00
633,Matt Sokol,LAC,,25,2,0,0,0,0,0,0,0,0,,0,0,0,0,,0,,0,0,,,,,,,,136,,SokoMa00
634,Easton Stick,LAC,QB,25,1,0,1,1,4,0,0,1,-2,-2,0,0,0,0,,0,0,0,0,,,,,,,,79,,SticEa00
635,Stephen Sullivan,SEA,,24,1,0,0,0,0,0,0,0,0,,0,0,0,0,,0,,0,0,,,,,,,,137,,SullSt00
636,Taywan Taylor,CLE,,25,3,0,0,0,0,0,0,0,0,,0,1,0,0,,0,,0,0,,,,,,,,244,,TaylTa00
637,Noah Togiai,IND,,23,4,0,0,0,0,0,0,0,0,,0,1,0,0,,0,,0,0,,,,,,,,138,,TogiNo00
638,Eric Tomlinson,2TM,,28,7,2,0,0,0,0,0,0,0,,0,1,0,0,,0,,0,0,,,,,,,,139,,TomlEr01
639,Ross Travis,NYJ,,27,1,0,0,0,0,0,0,0,0,,0,0,0,0,,0,,0,0,,,,,,,,140,,TravRo00
640,Malik Turner,DAL,,24,6,0,0,0,0,0,0,0,0,,0,0,0,0,,0,,0,0,,,,,,,,245,,TurnMa00
641,Michael Warren,WAS,,22,1,0,0,0,0,0,0,0,0,,0,0,0,0,,0,,0,0,,,,,,,,175,,WarrMi01
642,Derek Watt,PIT,,28,12,0,0,0,0,0,0,0,0,,0,0,0,0,,0,0,0,0,,,,,,,,2,,WattDe00
643,Joe Webb,NYG,,34,2,0,0,0,0,0,0,0,0,,0,0,0,0,,0,,0,0,,,,,,,,246,,WebbJo00
644,Kevin White,SFO,,28,3,0,0,0,0,0,0,0,0,,0,0,0,0,,0,0,0,0,,,,,,,,247,,WhitKe00
645,Kristian Wilkerson,NWE,,23,1,0,0,0,0,0,0,0,0,,0,0,0,0,,0,,0,0,,,,,,,,248,,WilkKr00
646,Derrick Willies,CLE,,26,1,0,0,0,0,0,0,0,0,,0,0,0,0,,0,,0,0,,,,,,,,249,,WillDe06
647,Duke Williams,BUF,,28,1,0,0,0,0,0,0,0,0,,0,0,0,0,,0,,0,0,,,,,,,,250,,WillDu01
648,Caleb Wilson,PHI,,24,5,0,0,0,0,0,0,0,0,,0,0,0,0,,0,,0,0,,,,,,,,141,,WilsCa00
649,Juwann Winfree,GNB,,24,2,0,0,0,0,0,0,0,0,,0,0,0,0,,0,,0,0,,,,,,,,251,,WinfJu00
650,Tim Boyle,GNB,QB,26,8,0,0,0,0,0,0,13,-9,-0.69,0,0,0,0,,0,1,0,0,,,-1,-0.9,-0.9,-0.9,,81,,BoylTi00
651,DeAndre Carter,2TM,WR,27,13,0,0,0,0,0,0,0,0,,0,2,1,8,8,0,2,1,0,,,-1,-0.2,0.8,-0.7,,253,,CartDe02
652,Adrian Killins,PHI,RB,22,1,0,0,0,0,0,0,1,-12,-12,0,1,1,2,2,0,0,0,0,,,-1,,,-0.5,,176,,KillAd00
653,Andre Roberts*,BUF,WR,32,15,0,0,0,0,0,0,1,-3,-3,0,5,4,34,8.5,0,3,2,0,,,-1,3.1,5.1,1.1,,252,,RobeAn00
654,Dwayne Harris,CHI,,33,3,0,0,0,0,0,0,0,0,,0,0,0,0,,0,1,1,0,,,-2,-2,-1,-2,,255,,HarrDw00
655,Nate Sudfeld,PHI,QB,27,1,0,5,12,32,0,1,2,12,6,0,0,0,0,,0,1,1,0,,,-2,-1.5,0.5,-0.5,,82,,SudfNa00
656,Nsimba Webster,LAR,,24,16,0,0,0,0,0,0,0,0,,0,0,0,0,,0,3,1,0,,,-2,-2,-1,-2,,256,,WebsNs00
657,Dede Westbrook,JAX,WR,27,2,0,0,0,0,0,0,0,0,,0,1,1,4,4,0,1,1,0,,,-2,-0.6,0.4,-1.1,,254,,WestDe00
658,Kendall Hinton,DEN,WR,23,1,0,1,9,13,0,2,2,7,3.5,0,0,0,0,,0,0,0,0,,,-3,-2.8,-0.8,-0.8,,257,,HintKe00
